assetid,id
AC-001,1e563684-630c-5092-9403-87fc8bc020f5
AC-002,2654d4a7-3d80-5a62-a70b-cf0f0ecf883d
AC-003,f300d637-41fa-59f0-979b-d1b653303a1f
AC-004,4f43c732-c96b-55b8-9389-b4222e99eaeb
AC-005,da8e1a37-6fc6-5668-8567-d577c7f33f14
AC-006,27cdc641-43db-576e-b6f1-4538ad8ad6a1
AC-007,6cfef730-8b86-5bff-9fce-f7b103790448
AC-008,3578f8ac-7a27-5b0a-9d27-ebe9b5efa462
AC-009,5ea74ffd-55f1-5007-bf72-ad54c6428c96
AC-010,fb57ce5f-451d-597b-bfcb-491f050b79cb
AC-011,9f66eb33-44d2-586e-b493-5e23e0cd4d77
AQDS-001,524331e8-7d8e-5f2b-964a-f33c7d96e67a
AQDS-002,135f7d5f-8e50-5c3c-ad33-2543d4762993
AT-001,3613db0b-9afd-5028-b0b6-d87f8ed73ace
AT-002,47d1ae71-489d-5fac-a667-f7320670e98f
AT-003,88b5b0d3-7fbf-5153-b5d0-4ab3f973ef78
AT-004,46350799-e662-54f0-baf9-08414abc271e
AT-005,077cfdce-dae6-58eb-aedb-445230ea2b06
AT-006,6e302067-783e-53f2-b365-f59629d6717c
AT-007,857f8eb6-c1dc-5d9d-90ba-f6415f70633f
AT-008,8ccc7dc8-35bb-5473-a8b9-1e268a23c0f3
CAM-001,90da29d0-0f48-52cc-9956-5278294aa66a
CAM-002,6b2fe847-1c64-508f-9401-25f22b655b4d
CAM-003,fd84d0cf-ec41-5989-b4b6-c66ca55cf170
CAM-004,5a6ea707-ce17-5eed-aeda-3d8f5e9db0ba
CAM-005,913b26d3-a427-5711-8882-c74256fd5e0e
CAM-006,397297d9-2c75-53e0-b343-92dd740569ce
CAM-007,e6c4883b-77eb-5792-9ece-fb54e519d874
CAM-008,8d7c18c6-ee81-57f9-8cf8-b53068724004
CAM-009,ee3a84ab-62c6-5540-8dbb-588b7fed57cf
DL-BA-12665,3a20cab0-3fcc-576a-86a6-abfc952c07f6
DL-BA-13245,a08aba09-1cf7-5d1b-9c40-c6a0e78272b8
DL-BA-13247,1509a9c0-7aaa-509c-ac9c-74b4604e948f
DL-BA-15135,3e2873a6-4d56-5a7a-b163-4e10bf488761
DL-BA-15136,57345fa7-759d-5fc6-a571-e987e9dabd67
DL-BA-17595,01464570-3489-57d1-869b-189b605953ae
DL-BA-18570,5c4c2440-11e3-551a-a6ce-73f6cda61429
DL-BA-9057,98a35901-09dc-5e48-aca5-d62c79eaf6bf
DL-BA-9207,8be8b625-f715-5e37-9118-c9e81f2e2f10
DL-BA-9478,503853c7-6f6f-5bce-a119-f1b013a2e421
DL-BE-10813,e7b958b8-5fcc-56eb-be3f-a02a07216dd4
DL-BE-11063,cac4bc02-5a00-5d97-a88d-ea6d5db76a8d
DL-BE-11066,1746e1aa-ca3a-5fea-8b32-4bd2fed9ab80
DL-BE-11140,e7e369fa-656e-57b2-84f0-f67210ff84b8
DL-BE-11208,d3b88d72-27b0-59d0-9853-818424b78e96
DL-BE-11209,122def3f-973c-5a18-824d-de4166ce74ff
DL-BE-11308,3640ac31-e58b-583e-bd2e-f459be7cbfd2
DL-BE-11309,674aed0d-3aa2-5298-a143-ef04ce446308
DL-BE-11418,c8c75096-6a41-5351-befd-11d6815d75a1
DL-BE-12189,15c29a9c-6ac7-5c81-8750-3922ab84dc69
DL-BE-12192,fa22b654-ad61-5e4e-a3fe-26457d626072
DL-BE-12193,df934f09-feab-5fc7-aff3-4ee12edad54d
DL-BE-12194,3a517583-ad5e-5f7d-a7df-708e3af63c26
DL-BE-12198,24290ef1-883c-5365-aa00-59b99a3a5d0f
DL-BE-12799,803a28a3-db96-5264-b0e4-27c28599d547
DL-BE-12800,8cc2573c-72f3-5a10-9aa2-e9d09b22b988
DL-BE-13168,42e2c435-df64-50d8-9712-be8d111e4d93
DL-BE-13169,d976c78d-be7c-53de-be0f-5fb1edc638cf
DL-BE-13170,a8e215ea-087c-54f0-8e8b-c8db180f5aac
DL-BE-13171,f1b1ff34-ebbc-5d04-bf60-94d685ada649
DL-BE-13175,39dd46cb-01f9-5745-b4c8-b8a4ab8f81e6
DL-BE-13176,7b1ff68c-080e-5a00-bbf0-58244d3d8c8c
DL-BE-13367,d2a28750-bc96-5c8e-86e0-9c718556f05e
DL-BE-13532,66419813-71e6-53c3-80fe-2af2d97b8186
DL-BE-13533,4d78b13b-b8cd-5849-9a09-1a7959d68ccf
DL-BE-13561,6a127f90-0573-5ffb-8eda-3890d82e0fb8
DL-BE-13562,8053f6fc-e69a-51b4-b32a-5e5e9dabce3f
DL-BE-13563,9f418cf1-7686-51ae-a05e-6da92bf5ac5a
DL-BE-13564,eb4743d2-ed5c-5dd2-a1ba-52311208f971
DL-BE-13598,d6f305e3-98c4-5ca3-8d7d-891587de1e3e
DL-BE-13599,136e9b14-dccb-5527-b4bd-1dea2184d1f4
DL-BE-13601,dae30116-0200-542c-972a-bafc54ee14cb
DL-BE-13603,7af8de6e-2b88-5593-97eb-7f449bf8ceca
DL-BE-13604,9e9c71aa-ea00-5756-b3d7-a3be8b9b1154
DL-BE-14044,2a5af81e-3819-50e8-bc6b-c1a971707b5f
DL-BE-14187,7866d0b2-4ec1-53fd-945a-aef07692abe8
DL-BE-17107,a4340f04-af61-5e36-8dc8-f5f6a111cff2
DL-BE-17156,a1e851bf-73df-58bd-811f-be8a4bb062d4
DL-BE-17157,f0e7928d-1be5-5310-a58a-98ad7a924122
DL-BE-17158,3e9531a6-c750-5df3-98d5-c7200bcb33dc
DL-BE-17159,945e63fe-bc20-51ae-85b7-a212de612d39
DL-BE-17160,8f677914-fc94-5098-8ab5-8585bf467c18
DL-BE-17191,34044e8a-7356-5214-9362-685382e7526d
DL-BE-17199,48b16781-409b-52dc-acff-0c3dc3303acc
DL-BE-17200,04278079-a139-5a30-a9a3-e5c05149ef25
DL-BE-18453,f7f249cf-ab80-55f0-8ee7-f50919d57214
DL-BE-18790,dd29bec4-cca1-51cc-b41b-ff328393eac5
DL-BE-18791,64eda94e-30ac-5dac-9984-7b75727eeb4a
DL-BE-18793,9ea00fd3-2917-5ecc-b76f-451dec125c31
DL-BE-18794,cc6c054a-3b95-5f00-b1a6-b130b18ee8f1
DL-BE-18795,d377ef77-b847-5e31-aabb-f72970e0cf0d
DL-BE-18796,9f22be50-0752-5d55-834c-74e4026bb08b
DL-BE-18797,cd8917f6-3c65-5d4a-9831-92b961fcb7e1
DL-BE-18798,525b93b8-4f66-59dd-9c22-c7bf8b5075fa
DL-BE-18852,ea3e3e27-ea94-5538-8562-296e4c65d226
DL-BE-18907,7612c5aa-68d4-52ec-9038-c400223b1a89
DL-BE-18908,150866e7-2ef0-5d49-a7dc-5507656ae22f
DL-BE-19045,67a78e1a-5500-5228-8bf6-21289680fd30
DL-BE-19047,3d319ef9-b948-5e13-9322-e2551a5542a6
DL-BE-19048,0ab5c5dd-691e-5e74-aa65-9a320aaa69bd
DL-BE-19049,7937abb3-7cf2-5edc-a1f4-8cd55697e6af
DL-BE-19051,5c634718-4a10-5735-9793-6492ddb48723
DL-BE-19059,df187d86-fc75-59dc-b530-9360db4f1572
DL-BE-19060,98e9c334-9f7b-5d34-a2c3-e4c1243881e0
DL-BE-19743,cccfefc4-3bf6-5f3b-a5f2-6a5d420c02c9
DL-BE-20227,8bd2b211-4c77-5ec7-acf9-b59851e3a7ee
DL-BE-20231,6690ee7d-335a-5ba5-8c3b-1d0c8175918c
DL-BE-20232,533b180c-8caf-5e9f-9d03-6105413eefd2
DL-BE-20233,21660b10-9c01-5bbc-946d-6fb3d643cdc8
DL-BE-20237,9101ac69-e5dd-545f-b278-ff521da93705
DL-BE-20239,bcf65029-3116-5224-b144-1b7452e9e545
DL-BE-20240,96f0f558-42d7-55bf-84dd-5c3964c01558
DL-BE-20241,2d972641-74e6-513c-9717-c80a11965f5c
DL-BE-20266,c18d3fd6-4f5c-50d4-bbc8-3e51543a7962
DL-BE-20273,6286b0d9-8d91-5240-856d-c96b645ecae8
DL-BE-20278,05d0ec1b-b63c-5b0b-8dea-d18da11efa34
DL-BE-20280,b62f5350-abd6-59b9-97ea-b223535a87ce
DL-BE-20281,852997a3-0422-5d05-b9b4-f936d4eb8d4e
DL-BE-20588,06021f06-3efc-58d1-977f-9b86b184101d
DL-BE-20590,7df9dda9-d6ca-5eff-9af4-486732ca7175
DL-BE-20591,0e7f2e55-f35f-545e-8e3b-86dc73941ea2
DL-BE-20593,388bf68f-9641-56c6-a8e2-a93dc874bc6d
DL-BE-20594,d1539342-d7b5-50f4-bcfd-55e0b7415c01
DL-BE-20599,045a0bb7-3acf-5300-9e51-e2163557f84b
DL-BE-20600,daaa7f98-c380-52a9-996e-9752e57e31ef
DL-BE-20601,9350af6e-8958-5023-b3bf-bbcdd8c9875c
DL-BE-20613,ab8896bc-f7f2-5b36-ade6-e95f0bb6d27b
DL-BE-20614,5f6ee3e6-97d7-518b-bde5-a9839a9a65b9
DL-BE-20617,352ed445-4c9d-5c9e-a7e6-d60df17d6c33
DL-BE-20620,2a2dd463-4f0d-53ed-a068-23cdc555cbe6
DL-BE-20622,b30b9b97-3424-5c23-87e8-b3d7e3d6d8c8
DL-BE-20710,28dafcff-c92a-5393-a085-851290427610
DL-BE-20714,82e27ff8-ea8c-5ce3-815e-1bbc719ed5af
DL-BE-20715,6b10bb6a-5a52-532c-a9fd-e9758c8d4d22
DL-BE-20716,36ca45b2-ab55-543b-8480-fd6b24ae8940
DL-BE-20717,b6ca66e3-1374-5eac-8b1f-258eaa32c4ab
DL-BE-20744,58c47ccf-0172-5e9d-8e4e-a6e6572e3cea
DL-BE-20745,9732341b-2037-5012-b1f6-faf79dc3158a
DL-BE-20750,cdd67b74-342c-5581-a0c4-3eaefb037faf
DL-BE-20909,da6a9c9c-f5ba-5d21-a4ad-39ac6a3f1770
DL-BE-20910,8b50ccc0-fb35-54b8-920a-b8d9ca72971e
DL-BE-20913,109e65a4-4f9e-5c93-9511-a9ec4caa1dd5
DL-BE-20914,40d07315-dad6-5377-8af2-f8630a21bb76
DL-BE-20916,b0a2b573-d2bf-5b33-8a3a-60659ddb9158
DL-BE-21022,13b03960-ec93-5154-a0f5-15f0a7bdb3cf
DL-BE-21026,5f8495a1-d7fb-5824-ba3b-aeb1331cc9c7
DL-BE-21027,3129ff78-3d1e-5177-b348-cdec8e224401
DL-BE-21043,3ec9ad71-de9a-5d60-80e7-9edeb2c5005b
DL-BE-21044,b2f2f7fc-e29c-55e4-b5ff-ca64c3e4d97b
DL-BE-21045,fb6395be-abfc-5ef3-bc42-f6a70e34869a
DL-BE-21066,419c8179-0e47-50d4-a342-2dcc49711021
DL-BE-21514,96f83b18-cc00-587c-9e4b-d111fffc50ec
DL-BE-21515,5347c814-4082-5a77-b134-dabb07b37cb3
DL-BE-21517,fd53e54e-0d7c-5a9d-bf18-593183b37e6e
DL-BE-21519,74ff5e10-4b3a-53df-99e7-d944bdae9163
DL-BE-21639,3d2baafc-ac73-57b2-a5af-0064e33b7b0a
DL-BE-21706,30776e53-abbb-56a9-bef5-7fa160213412
DL-BE-21707,2ffe5e0d-62c0-5794-8025-328b38cf942d
DL-BE-22113,18b5a284-6212-554c-89bc-0160bdbaf0ca
DL-BE-22114,cb13ef21-5dbc-5001-91b9-982e35e8694b
DL-BE-22118,1724f7cd-1f4d-5788-9cba-821083755df8
DL-BE-6091,778e71b7-d333-59e1-9c97-2d0248b31c12
DL-D10-106789,7c8c3727-e1e1-53a0-8dea-34d184bfe8a7
DL-D10-106930,7fd622e8-89ab-5d0d-85e7-8c4c5ff98220
DL-D10-106932,3c6493ca-9b45-5248-bc8e-9bbb1c62f9ad
DL-D10-106941,eebe89d1-2f75-5cc5-b90e-a9458a4fbe86
DL-D10-106942,f327f3c1-3041-545f-a5b3-d6e84ffe056e
DL-D10-106943,f7d568c2-5e07-5f82-82aa-d719448fdc84
DL-D10-106944,0ec92f07-c963-5bb9-b6dd-85d8755db378
DL-D10-106948,ed610997-3598-5c78-bb97-d0c21ed82609
DL-D10-107243,9907ad28-270d-5f3c-a510-f66f85d32d3f
DL-D10-107245,cc112189-dd92-5bb5-ada3-df790be7eba2
DL-D10-107246,a6168f25-b8ed-512d-b714-59340dcc36a2
DL-D10-107247,519fef24-c0de-5359-86e5-f37018a63f19
DL-D10-107270,6b99f212-d039-5b48-b47d-cd4ac6f7ab0f
DL-D10-107273,199f2e9a-1d68-57b6-a48a-54130456b0b2
DL-D10-107500,71e52ca3-e641-5e29-9919-99af4538e70d
DL-D10-108051,a63e11fd-d66b-5f13-9abd-635986f7aa27
DL-D10-108052,a538c8ff-f63a-5750-9723-7945bc2f9a4d
DL-D10-108860,b8b1a3e7-d007-55c2-8da8-49b4cc344009
DL-D10-109245,87633a77-8c6a-5300-bbcc-cf1bd8e4f62f
DL-D10-109246,a268d342-d5c6-5cd1-816f-fe0636b98beb
DL-D10-109247,84604120-52f1-5cfe-ab92-7934e2ac68cd
DL-D10-109248,c6b64f84-a5ff-5d0e-99f8-3dface6fc35d
DL-D10-109251,c702033d-b5e0-52a3-b65e-f6d6d20fefc4
DL-D10-109252,2dbcf27a-b261-5443-8a80-7ddcbfb87595
DL-D10-109253,6fdc6a16-cd07-5ac7-b473-3c661647cdc7
DL-D10-109254,5294a6be-6d6d-5517-ab1f-13c982845734
DL-D10-109418,ebb0f223-8c6a-52ee-a7aa-d86ab327fae9
DL-D10-109420,e253d7fc-256f-5ca1-8466-664b71c99b48
DL-D10-109424,6c33278b-8d81-5a2e-87a7-f07f7a770c04
DL-D10-109425,e3ed3c0f-0047-5fe0-a48d-d6d61d73da26
DL-D10-109426,87cd95ad-a3af-5251-9a52-2006d69713b8
DL-D10-109427,327fd28e-a241-5e47-a334-333743072f19
DL-D10-109562,27478f0b-3d35-56bf-9a38-a727b62fbea9
DL-D10-112604,1a1c025d-d70a-50e6-9687-dce4eb609aed
DL-D10-112607,f8643644-d661-53a9-99c8-aa385a2129d3
DL-D10-M106788,7c3c53b6-860c-50a1-96e7-5b544954ce23
DL-D10-M106790,873cfa12-7ca4-5c63-a80d-4d299eafd213
DL-D10-M106791,463e4bd5-037c-5b1d-bda6-4bdcefe2f9a5
DL-D10-M106792,6bcc40c7-62c9-5a46-b76b-2e83776ba2bb
DL-D10-M106793,46b1ffa8-f878-51e0-80df-67425828f778
DL-D10-M106794,27837001-7859-5d4c-b3ab-09246a9d1adb
DL-D10-M106795,458ad11c-c944-5188-90ca-46cc19bd1c8b
DL-D10-M106796,7f5b6fd9-f9f1-509d-a3b6-5187177abccd
DL-D10-M107860,8121a7ed-ca6a-53c2-9529-2f417067c9e0
DL-D10-M107861,2760a2ab-7608-5fb9-b1a8-a6bb69da5cbf
DL-D10-M108049,3ef760c7-a180-5f66-b6b7-1f9aa977fd00
DL-D10-M108194,96b9878d-f0b5-5fd2-9d2f-0543e9f68915
DL-D10-M108201,2003a8d0-fead-5059-870f-a71465eaa75b
DL-D10-M108840,078f35dc-e8a7-522b-bf6e-1b713bc2e0da
DL-D10-M108854,8611b810-86b3-5f8a-ad79-c09a1b73f2e8
DL-D10-M108856,4e0db7f5-054b-5599-9515-896557221732
DL-D10-M108857,4a049a0c-0f7b-5641-bcb0-f133a5ada0c2
DL-D10-M108859,0c9f29a3-3a95-5594-a142-4c8c05012042
DL-D10-M109559,2b2334c7-4911-523a-ada8-195bde72142f
DL-D10-M109561,2163b863-c50b-5328-8696-76dca31ce8d0
DL-D10-M109564,012d94e9-9852-5acd-ba69-5ee8d9fb2cfe
DL-MP-12708,1347101d-66f9-53bf-a32e-5becc18736a0
DL-MP-12709,38b5c5da-dee2-5aa8-a644-24e91e47bd98
DL-MP-13332,8f8a4706-8d2d-5e67-a0fd-1ed5698def77
DL-MP-13333,81707f78-62c5-50a3-8e1d-ec5750130d76
DL-MP-13356,52d9b5f3-58c4-54d2-89ab-6e40092b4991
DL-MP-13448,68591096-bd3c-5ed9-9d43-3f83adfe882a
DL-UM-11555,35e599b7-acb6-5cf5-b676-fd5834ab9f6e
DL-UM-11556,67e030a9-3bf9-5573-9e1f-b6a9d2828673
DL-UM-11558,5d37a03f-8456-541a-a5df-309df440fa35
DL-UM-12100,c7000bf9-f345-5eee-b29c-9bde7da8a029
DL-UM-12102,ba88348e-5b82-52a1-8374-048da06bd67f
DL-UM-12103,9b0cdffc-54fe-5ee5-a447-ad1b778fbdc6
DL-UM-12104,0e9ceac1-108b-573b-baac-a8d3d0e32b6e
DL-UM-12105,4c828ada-4bd7-544f-b8d3-806bcc9333ee
DL-UM-12107,cf72ac00-40b0-5082-9990-0658b49fde4e
DL-UM-12108,eb9af416-a270-5c81-b587-620b4d8a1cb0
DL-UM-12232,77cd04c1-60da-5db4-8728-8761f60344de
DL-UM-12569,1a8680e4-d388-58c0-b80d-878280a93aee
DL-UM-12572,e48f522d-fb69-585f-a60c-6dbde88c23f2
DL-UM-12574,68e9f88e-b0c3-5676-9b1d-dfb61f615374
DL-UM-13816,bee74d98-6705-5e3e-987a-a767884e78cc
DL-UM-13817,2916177b-86c7-5b8f-96e9-fcd4ce1489cf
DL-UM-14055,d8df32da-b77a-5925-8822-05801025e1f5
DL-UM-15376,cc9f4749-c9be-50f7-b30e-9c6c45372cb7
DL-UM-15387,48b1efa4-f681-588a-aa66-1253a0d663a4
DL-UM-15389,50a40a38-69a2-5bbc-9267-828fa3841b2f
DL-UM-15390,eb5530f1-1368-5612-b4e4-e0182a643ac2
DL-UM-15392,d9b0d767-f829-5c98-89fd-782139938bd4
DL-UM-15395,f0ec2a9d-51b2-5ebd-9ed9-8352c2b89b2e
DL-UM-15396,a356321c-1023-51bf-b7f1-8c8658347c22
DL-UM-15398,cd07af65-f394-5f44-917c-8ea3d147d6a5
DL-UM-15400,51a43cba-dd5b-5e36-8726-c867328fb797
DL-UM-15401,b251db37-41fe-5bf7-8c96-3c41cd9e65cb
DL-UM-15402,706ce696-3c9d-5070-bde8-d9e1e2e25ac8
DL-UM-15403,24a84127-33ec-5097-a244-1c190cdbb98b
DL-UM-15411,fa59e0b1-6b37-51e9-9aee-f867e4b7ba36
DL-UM-15424,40d4316d-4662-570c-9783-3794d56539a5
DL-UM-15426,c88f5c86-98f6-5ec7-8efc-8ba8862b410e
DL-UM-15713,8b5e79c4-3b26-5545-aa91-f8ee7ac93efa
DL-UM-15714,742c4829-5c12-516b-9a2a-aaf65818d811
DL-UM-15715,cec02e47-aef4-52b0-ac41-064906aa2d65
DL-UM-15717,102db03c-b6ee-59d3-bac0-1152bd3b2fb9
DL-UM-15720,31260a9a-f778-594a-9d4b-879de160046e
DL-UM-15816,f379cb76-2013-5003-ac93-b8480a00737f
DL-UM-16598,54a07104-3973-58d8-b89d-af94dba24251
DL-UM-16815,7c9bcfc1-25ad-50ba-b15a-a9f3ac992773
DL-UM-16817,fda81d0b-735b-50d1-a9ab-7b014affc464
DL-UM-16818,228fcc4f-2a4a-52f6-90c8-2c112fac900d
DL-UM-16821,571968f4-240d-5000-86ed-69451903bf13
DL-UM-16842,e9d0b114-ca9e-59b0-a319-8960c0f416fa
DL-UM-16845,b9d5d671-e32e-539a-8292-061d64291ffc
DL-UM-16847,fa2b9812-b0f8-539e-9eb0-bedad61566dc
DL-UM-16849,0f886572-235b-5d9d-84ef-6a15a7a51417
DL-UM-16850,8b4b6552-bfcb-57bf-be3c-1f1a8177e0cb
DL-UM-16917,92779637-db43-5b54-ade1-967c575408f3
DL-UM-16920,2036e47b-0137-5b56-9aff-06e342a80cf0
DL-UM-16922,28522302-b351-5cc8-a401-e6dd7a43018c
DL-UM-16956,27e89c8f-ef24-5229-bdc3-705883623f64
DL-UM-16958,25775cba-d458-5b6b-a49a-7a8296067e82
DL-UM-16959,7e238bb4-6935-5a1a-a346-49ef2c18ec99
DL-UM-16960,0e1bc7f3-8c63-5f9e-b3be-4f0a27979136
DL-UM-16982,91c021d7-d2ec-507a-8320-c17ba7b2a71e
DL-UM-16984,e49f1704-b0ae-599d-a03c-fbc67990354d
DL-UM-16985,a3b3e961-8b46-58ae-a5f1-f8c0237cded7
DL-UM-17049,aa0f1454-e453-54f0-8f17-28fd817b85df
DL-UM-17052,8575135e-31cd-57ff-a0fc-15013364b08b
DL-UM-17055,e04eb813-5446-50b3-8b90-d4b46338533d
DL-UM-17175,bc21d00a-a96b-572a-bfd4-0430bde8198e
DL-UM-17176,81453310-b31a-5830-8894-f2f544c5e100
DL-UM-17178,816a803f-6dca-5e25-876e-471c4fdd0a97
DL-UM-17179,fef89d00-76fa-5661-af86-ef945046e3ba
DL-UM-17180,f6adfbdf-eebe-5a74-92e8-df427db5b577
DL-UM-17183,48e0e215-a36f-5709-b6e4-b2e2bc6c42bf
DL-UM-17198,16083f70-6076-5ef5-97fc-26ab84fc6005
DL-UM-17207,5c0d827a-9a8e-5398-ab4d-cc4c01c6c415
DL-UM-17208,95fa2490-074f-5d1d-89bb-f99005f74007
DL-UM-17256,70aaef42-3476-5633-8978-ad2d4ccff405
DL-UM-17258,072c1225-1059-5b1d-8198-dc8ccb2478e9
DL-UM-17259,75e73252-5a53-5e4c-a291-e78c7998afcd
DL-UM-17263,68f5d817-1b92-58bc-9263-5d5b3e843e6b
DL-UM-17266,9734cce5-0279-5372-85b3-b90895a0e0ff
DL-UM-17268,9c7f8f16-2945-5b4c-a200-ccbdd36eda73
DL-UM-17269,db458f9b-31d9-5bbf-a058-fa62d6ec4c8f
DL-UM-17270,fb3a7ccf-f513-523f-8182-4d24a94d1099
DL-UM-17272,d5cb7aa6-e839-530d-8f70-a4c3eb147075
DL-UM-17273,39b2938f-aa25-5168-b237-ef72d3911737
DL-UM-17278,d350d130-103f-5702-98ae-51a74b079d50
DL-UM-17281,66cbcb15-d7b7-5f83-95f7-87d88c169f85
DL-UM-17282,31bc156d-6caf-5a10-9326-46ff0af14d09
DL-UM-17284,d7b85119-4c83-5971-ad88-78adb02ae2a1
DL-UM-17314,c9e8e30d-d22b-5da4-a5d7-cc1f27579057
DL-UM-17604,5b140492-763d-55ba-b0dd-e528c8349389
DL-UM-17605,5599bcec-25f4-5698-847d-a2b35aaec428
DL-UM-18234,eb668e98-f6b5-51b9-aa3f-05c588ef2954
DL-UM-18235,9ada2145-aaf7-550e-81c9-e1a6502ab675
DL-UM-18236,dda75b1e-93e4-5cef-8a64-da26804d5b23
DL-UM-18271,a9228640-2e16-5644-a3cb-eb6c21ac7d00
DL-UM-18389,6668f835-abad-50df-9187-0b213b0e74cf
DL-UM-18390,ea7e7f7a-d7ee-5d50-8063-e2985f77c7c5
DL-UM-18392,e546c8fd-0770-529c-9906-eadccb52653b
DL-UM-18420,2ea4228e-83e2-5ff7-a92e-836d83660ee7
DL-UM-18423,293f1cac-4a34-5c58-a258-eecb84b97fad
DL-UM-18425,9af47536-146e-5d08-9728-840e0c264c17
DL-UM-18426,e999073f-3311-52b6-b291-8a6db43aa607
DL-UM-18471,e4f5577f-c975-5729-af70-26b99b6ca203
DL-UM-18472,8eeb1465-3d21-5a0c-941d-56e073cbf7be
DL-UM-18473,9a53984c-be7f-5af8-af1d-066f7a95f31b
DL-UM-19392,2de81652-c435-5a5f-aebc-001aa4d957bf
DL-UM-20781,d1544297-7ff6-587b-a1ce-2650f860e278
DL-UM-20908,522175ce-376c-5165-8b42-c004ecc7957d
DL-UM-20931,0e29c952-557e-5cb2-8ca2-44e2dcf7a604
DL-UM-21925,70681449-c5a1-5a87-bbcd-aa618a5d190e
DL-UM-21926,3ec7b6a5-8d96-5a64-ac8b-2c1cd047fcce
DL-UM-21927,b8c08b6f-d6c2-531d-b13d-f3cff00dd08e
DL-UM-21929,bb0a1a26-02fa-53da-9d2a-3f37dff0d88d
DL-UM-21931,ed11dd05-a1c6-56c0-a617-71a4a027675e
DL-UM-21932,f66de001-f8c5-5b95-89f6-fd0fbc7aeaf1
DL-UM-21933,45b961bf-d03d-553a-a752-c6fc56380001
DL-UM-21934,a7b02c33-4263-572b-809a-c5ddbaec0391
DL-UM-21936,8d0b8019-e868-5e00-b454-66135dae0a16
DL-UM-21943,b79f9e57-415b-589a-a0a8-b4d319235a98
DL-UM-21945,f98d610f-0d49-5ee9-a071-01825a06ef4b
DL-UM-21947,49b0a270-875c-5b0b-970e-82b9f48fe445
DL-UM-23130,d477cb07-6a8c-5d96-8181-f02ee312c323
DL-UM-7134,604ffd02-97ea-5ed2-b434-29affd6b6428
DL-UM-7139,59960dc7-d545-5daf-9488-37a898d7d8ab
DL-UM-8291,bbdb8100-e0c5-5f29-be28-1726c148324f
DL-UM-8293,89414eaf-6601-553b-ba35-19cef91c766d
DL-UM-8294,2bc4ff6e-e313-5873-8389-29f536c331f1
DL-UM-8295,9c69f621-c49e-59c5-8f56-c2f92a243e2b
DST-LD-01,5ad16f60-6192-5013-b66f-1e770e410e85
DST-LD-02,74989054-66dc-5312-aeec-babe6383a833
DST-LD-03,32b8d50e-4202-537b-ba98-6c1fdb0849bf
DST-LD-04,936a1c56-8e77-5cc2-bcc9-972ddf9d5884
DST-LD-05,14d9cbe9-4648-5747-a1cb-68a68f682484
DST003,ee03175a-8c68-50cf-b045-33a2ed90bf12
DST004,81de075b-ace7-5991-aee3-b5efa02a0a86
DST013,b5a6f1b1-7bf9-587f-a99a-bd1525fcfe94
DST014,fc3baf7f-a995-5530-9d98-0f77f9adcd7e
DST016,a38f2ed8-d4e9-5acc-9556-268fb402c5f0
DST021,a0f325fe-a5c0-5b03-b560-5ea8e1426204
DST025,9aa69630-3d7f-5c41-bc21-417337e4722a
DST026,b2fef5a2-bb65-5111-af52-f0d6a3ee82b3
DST029,6f6d7429-9c6e-5cd6-8b87-d0a9ea9f2f31
DST035,7a4b3174-e67c-5b62-bb6b-854e56bd7b92
DST036,d3ef2465-3347-58b4-9dae-6dc9edaaed50
DST038,6472e491-9cda-5e3a-8600-316df9837a56
DST040,a2f95eb6-d43b-59a6-9e65-e9787a0f6814
DST042,6485f386-cf73-5a8b-9db6-e0853428d45a
DST044,5f2871e6-8f65-5ca2-9ab6-811c8ec24905
DST046,bb8aa314-6312-556a-8916-dde5b1759ffa
DST047,d4e51303-b659-59d6-97c4-c9e98eafdd9d
DST048,4c262e80-15d0-5414-aaaf-25f75b6babc2
DST050,35408cff-061a-518c-8ec6-8744f2d26c5c
DST053,a4952187-3e3a-5e18-90e9-eba3525c200c
DST058,80c0f469-2339-5f86-bf76-2e917281fc8b
DST062,9deba6af-39c3-5f9b-9c27-7b7a1c43c0ba
DST064,3effbd89-eeb2-5b1c-85b4-80e0111133be
DST065,b46f6eb5-3311-5c8d-a21c-be672063bbe8
DST067,14dda250-c3b5-53cd-8c3c-af832508e012
DST069,51aacb39-495c-582c-8607-328bcb1c9114
DST070,cf6abf44-d8f9-58aa-8079-4da4d9609f5c
DST071,dfdcfbb5-b339-5f94-af51-52bb8eab2046
DST072,043684c3-948e-5cf2-96e7-ee6cb4de9b73
DST078,0b1a0d4b-d903-5def-b225-27374c2a47c2
DST091,f183effd-9d0d-5afa-97b9-12d52e21e141
DST093,d9b117ed-e0a0-527d-8bf1-762417241ca5
DST094,8242f22d-bb1c-598c-91bf-f40be2c8d200
DST096,1806d10c-a608-5487-90e3-7ad30a2ee622
DST097,213ecb73-44dc-55a9-9268-2c5c55a32031
DST098,1a33c498-662f-58a8-8cad-5183ea683191
DST099,a062e982-6f54-595b-aa56-937220c48a82
DST100,33497429-d6b3-5496-99ee-c256cbfca186
DST101,561dd6ff-f7fa-5ae7-848f-fc2c6e9a680c
DST104,7c0ad830-81cd-5687-a8fe-4588bfa4b117
DST109,7cb21845-b88d-5080-a2c4-ec4a573eeb54
DST112,2afaa2a2-6185-50c8-ac9f-53f65654110a
DST114,cbfe87c6-16ad-59db-9d9a-0d19141790d0
DST119,8a1ffac7-7f0c-5a67-99e1-82d561d6461c
DST121,7edb6b5f-6642-5cfe-9540-82d848a1992f
DST122,cef82c79-c5dd-56e3-a406-555334d960bb
DST126,e4d7c164-8e1b-5bd6-9aba-b7f29ddfc9fc
DST127,7469edb6-ebbf-531d-bed2-885a511eb431
DST128,8f581b81-69ef-5ede-b866-14a3342135c0
DST131,71eab74a-867b-5ffd-aa8e-b45839008440
DST133,6c7b5406-042c-52b4-991b-26e06243f010
DST137,c2b9136b-6ce2-5d38-a37b-c1158a23c47c
DST138,2eb9c613-0999-5d1d-9554-5c55f7fd87cb
DST139,e375576f-4a31-50c3-937e-026adf593d41
DST140,331ecd81-1e35-5f72-8bba-687c799eea40
DST143,e2bdd41a-5771-547c-8928-1c505eb61874
DST144,72d22702-4e00-5465-9342-93647a6c7634
DST146,3868ae07-12d5-5737-aa6a-5f409424d85b
DST148,05850be6-cd0e-5028-846a-410525f3bed6
DST152,ff92175f-1720-5fe6-b331-521150774718
DST153,4ea0970b-1c86-52e5-adc3-9f5f0fab81cc
DST155,ef9ca040-bca9-5757-9e83-2f7220cde205
DST159,c7883fe5-5823-5357-ab79-f46adf83999d
DST160,a9d3a6b5-7230-536e-9a1f-826c8758635f
DST161,db13d4d5-3056-53f8-bc88-44bcf47e26f6
DST162,6671f930-9fc4-587f-8a48-44bd7b66e1d9
DST174,9a576281-6508-5d8f-ab42-934e548b4642
DST176,286f4960-4133-516b-a1ab-d27a6464646f
DST179,c73509bf-6083-508c-8b68-16de02135de6
DST181,1a81f82e-9095-5788-bc49-aa73b46d5849
DST182,3b6f4224-f5a7-54e8-98fe-000dd86a35f6
DST185,e7451483-54ef-5623-911a-794b2ffe3e0e
DST186,911321b2-8947-5244-9905-a638b02f8602
DST191,47f1101f-7178-50e4-b606-b739f7d35ef1
DST193,64d8e506-99b9-5795-9770-06b72f50f59b
DST194,a2d041e8-d142-5bed-9f62-07007b24c143
DST195,1cbcb374-5ab0-58d1-a98c-a9450b39e3e6
DST196,6b297c9d-a412-54fe-bdae-4c9f72467114
DST198,51229f75-a1ef-5ed0-9a66-183362c58db8
DST199,2c2f1c97-4d1a-5ac8-a52a-e459c23671b3
DST208,de06508a-7b91-54b7-8296-9bfd3a95dd8f
DST210,ee1f302a-f248-5205-92ad-a1ed6d09c5e6
DST211,f1ce4a48-1da8-5bca-9605-862f054bc433
DST212,de1e0c96-cbb4-5627-a3fe-a5106cfda926
DST213,b2d65923-ed5f-5fcf-888a-694700ff38d1
DST214,18168267-12ae-5be7-8287-2a70ff672ee0
DST215,866612d6-9f6b-5fab-b20a-69cddd9ef842
DST217,f6ed11e4-aac8-5df8-b6d9-e715917ffab4
DST220,5454034f-f06d-5aeb-bc86-d212e07f0876
DST226,a4061ed7-d5a7-5cb7-8fdb-7f0e8ff5b03b
DST227,621e6507-98ce-594b-a603-6ec4deeb7646
DST228,4ea0ab6a-d11a-5ea1-b158-23297171e2a2
DST229,2f91c41e-3011-5674-b3ca-acef9b5e2e56
DST230,f4e525bc-3feb-559c-8f3c-7f239ecceb5b
DST231,4cdbfbb8-6ee1-58e4-bd73-f376a1dfc807
DST232,a05f0aaa-13a7-523a-8d2d-ad6cc2259ffa
DST237,0f7e1b40-b289-5956-ab09-530655d51f65
DST241,884936ca-57ef-5b60-a70a-dfaeec9dd2f7
DST242,fd4ae73b-2978-599f-852b-dde6bf8b53c6
DST243,ae59dcc4-5e4a-571c-839a-c1e000f33c3f
DST244,f19ff2f1-a173-5442-a039-59cc1a315d86
DST245,62cbde2d-448d-55f2-b97a-0969e63aea64
DST246,605dd131-1947-5e88-a7d3-a6511fb52632
DST247,0c8b2601-a2b9-5e35-8919-4eba1bfbe33c
DST248,9286a9ec-e501-57f2-9b5f-35e52929e790
DST250,27bc3dbf-a89a-5779-aee7-71df439e1bdd
DST253,3aab586c-7174-5782-a676-a8a4d2a60332
DST255,8e763d3a-a4eb-5eb4-bfad-32902a755c0b
DST258,e7caf985-c5ea-5717-909e-76205b4b5c8c
DST260,eb8aa739-9205-5892-9e93-f34259f4d69e
DST263,eceea175-750f-5a8c-a85b-0a3572889e0e
DST265,3bfee703-8899-550c-bc55-30173906048b
DST266,6e910edd-5dd2-5daf-92f9-3324369c7334
DST267,7146b3fc-b79c-5542-ab8d-b268a5a15bff
DST270,50e60356-8e8a-5c67-ac54-3c3b75813acc
DST273,8151ce42-918d-588f-b71a-9a4640665ff8
DST275,0ae311f8-d477-5c33-87d3-f24cab88012b
DST276,1cb1d3b9-020f-5b7d-ac7a-a05e30326509
DST278,1f01a599-968e-5ca7-b934-d43831e3b476
DST280,5f07c390-a8db-5882-8e53-12512fead005
DST289,ae021b55-2421-577b-857f-aaac7f0840bd
DST291,e1257acb-01fd-5c3c-ab75-d03e9cc2577c
DST294,e1a7b7b6-7b0d-5a53-93e0-2dc1ce394637
DST296,27fb80de-8327-54ac-aabb-6a2487f6cf6b
DST297,15c55f58-1bb6-53c9-a8cd-dc05fce5eb80
DST298,8e982156-9e68-54fc-928c-af3988217d41
DST301,927c9436-85dd-5c6e-8808-b88a226f80ca
DST305,b0aad55c-5887-5c26-851a-5fc54351a9c8
DST309,0979b169-a0ea-5a4f-b1b7-349efda9b33f
DST310,1b4d3887-4a16-507a-97da-111cb45e9848
DST311,9323de62-2539-5a08-891c-177d44b0bb71
DST313,c3238aae-3ffc-5a71-84b8-78e8cd66c570
DST316,47e7674a-ca9b-549f-acc9-f180167e27d0
DST317,36221ce4-43af-5742-a3fd-50d7c604738a
DST319,5dc5631e-3fbc-52cf-ba1e-ad3de1ff5d20
DST323,a218ee01-3c34-5ed0-942c-4ad2ad9bb82c
DST325,01deced4-f050-5069-8ed5-c2fecb983205
DST326,7f4c0b91-eb92-5739-adfd-1c4945de572f
DST327,72599a14-55c3-5cfd-a702-594b8b8adba6
DST329,f7151b4b-d7d8-5a37-b6c1-12bcb87c68a6
DST332,795d0b18-e77a-5c5c-9dea-9c08db25e28d
DST340,61f0ed93-07dd-5130-a4c0-788f03f1d810
DST348,d1a873cc-b625-5cd9-a12c-babef0cd0b90
DST351,0868f800-6279-58ac-a680-ce929238f444
DST355,6f9489dc-4bf2-540c-9a16-7af70de097d1
DST356,ac228990-1f91-529c-99e0-2cb583642a42
DST357,4700cd3c-daf2-5b2b-aa95-e15462e4497b
DST358,529f50e2-bc64-502d-9211-17b0b7dec721
DST359,e59fd1e8-f521-57f0-80f9-5c1df351ff61
DST361,4429c660-a71b-5aa3-a257-db51018ca096
DST362,3c252979-4d17-5c74-8d11-ff7cb1c8e782
DST364,eab3d8b2-0c01-53e3-9f27-d74a678583d0
DST366,dac42bbe-06f3-5add-96c1-3f77e4a64f68
DST367,50510839-9431-5f9c-9a84-45168bfe662f
DST372,e257df11-5793-598f-9c2d-b3a7b415ef7d
DST375,f6610fc3-bb5b-52fa-bfce-68e0df813449
DST376,7154bb18-3dd0-5520-9279-b3a704525684
DST380,1fdbf537-f2fe-59f5-b3a7-1718f16698d5
DST381,09f3f0e3-b6e8-5b00-b305-0057e25a3190
DST385,dae233d0-b4fd-5180-88a9-875595786b30
DST386,752fe8a2-c1a0-568a-a660-bac02f3aa58e
DST389,3e1c3549-4b86-5847-9786-962f504e69a9
DST390,19c0c9ba-53b1-5a30-a240-0553e0f72468
DST397,e14d9a4b-f93e-5788-ad48-ae9016b8176d
DST399,f4f12db1-4ad8-5a97-ac07-347dc6edf4f6
DST400,514f27d7-cb37-50f7-9b41-3221f200d36c
DST402,092f85cf-cf00-50da-adeb-00c9358d601e
DST405,04ea9478-a504-5a56-9b34-2b72f86881d5
DST406,80911bd4-01e9-5e1d-a1b1-97cbfa7a396e
DST407,8e58769f-96fe-52c1-90fa-25294ad1f444
DST408,c9e36ab3-bf51-5d29-b024-d69bd83766ee
DST409,565f5ea1-6fd1-5909-b9de-e69131f0dc5e
DST412,2106d475-33fd-5654-be74-a2619cabef14
DST413,d70d59b7-0dbf-5249-b95d-a4471a08a812
DST420,370dfe55-15cc-55af-8e3c-4e8e6aa92a71
DST422,a25db710-3456-5425-904e-f99b64673710
DST423,d2191619-1aec-5ec2-96b3-586189cf96da
DST424,da37e728-19ee-59a4-a007-ca076f486d88
DST425,6a5f8df4-a599-5ef1-a270-e49e1cc6dad4
DST426,eb46c154-6983-5074-beba-6293adc163dc
DST427,40f1f201-3f96-5088-b0aa-0646688a01a8
DST428,16f20b95-d0d2-544b-9d06-8283495b9056
DST431,b6cb6638-adab-5537-a4ec-339b08426e4e
DST432,991d8679-0786-5b5b-b2a7-55f6bb63d4c0
DST434,dca14f4f-c411-51b5-a810-a78619768bfd
DST437,d5b87344-ff7b-599e-8616-4442ef029c98
DST438,ec8b2922-a700-5caf-bc7d-90e2552acb18
DST439,a63e70a1-9120-5e3f-b437-d391ddabec84
DST441,11a7621c-8d1b-52bf-aca1-7e7d79f8e8db
DST444,9e74aae7-4ac9-5020-b9e1-da1241b7298b
DST445,6e85a9af-915c-534b-ace5-a062e4bfedca
DST449,9582c009-e9fd-5589-b645-a846f37e5075
DST450,f0facaef-5cf9-5326-bce5-6c8b9f920bc1
DST451,5aaa3d5e-261a-537b-92d8-863aa56a54fe
DST452,99887557-0bfe-5aa0-9ce6-787ebfd04dcb
DST453,f21b4f3c-a631-5158-a8b7-582ceeefa7a8
DST455,4b7d205d-01c3-5c78-8382-964dc2c4f394
DST457,46067ec0-4613-5748-9ed2-c113e547eb02
DST458,7f176911-74ff-503e-a2f0-0c48e67af48d
DST460,b8c92ae9-1b81-504c-bb48-9761816d9d17
DST461,868195fc-8fe4-5c33-936c-42197fe2503f
DST465,ba9286de-1277-5472-b12d-edf114fff975
DST466,872d9a44-0de9-558c-bfad-964c4a56e0fd
DST468,5b371494-0547-56a6-b365-49a719ab98eb
DST469,0fb7afa4-9b23-566c-8dc4-7cc2f0e55908
DST481,c2d33f2f-7921-51ef-8fcc-0ab9477d6ba8
DST483,00bb0df2-0d00-5615-99cf-873950317022
DST487,9de7cb13-0d2f-5df7-9ca8-e0c75858101b
DST495,048ac819-c712-5481-ab83-df2fb36a968d
DST497,0819c863-6a9f-5aae-a01f-640a57f9223c
DST498,60ded7b1-94ea-5483-8aa0-fc7b1371ee50
DST504,00f89083-ecdc-5a46-ae55-31e57669c31c
DST505,eaa49e46-20de-530c-ae06-1b794d64d986
DST506,1bbd1d0d-4f2b-5167-be13-e46925135f54
DST508,7f40e4b1-1a52-5ec2-9200-0c7671a05a23
DST514,2150cd7a-2a84-5862-b5b2-ca13112c51f7
DST517,b6516d32-5269-5322-b7cd-f791f302540c
DST522,daf88ca2-740a-50b4-a324-668bc4389cab
DST524,405acc99-732d-56d4-9658-8f1e07baa44e
DST525,01725d01-5d3c-534a-800e-9e527f0068de
DST526,c22b6d0d-3df3-58b4-ab2b-ceb6dd329919
DST527,99cfd5d0-2529-540c-a930-99a21b704f66
DST528,3d83314f-7efe-55c7-a828-dbcc99d86652
DST529,eaed4034-839b-5b65-b286-6dd1a42f7a02
DST530,67b48786-c508-5e04-a2ea-fd2fa4ae1270
DST531,ee385fe1-36d7-5d07-91ec-01eee14d5466
DST532,031f1666-b943-5d98-a5bc-73941b5ec51e
DST533,3b018706-15a1-5634-ad12-93cb19ca9ed6
DST534,028f8346-afdd-5107-8b27-8ff3b99f3ed6
FC-001,a79f2eb2-3361-5221-8ec7-52e332812ea9
GEO-BE-13563,a1f0a0a2-8fbd-5c8d-8de8-bc99563e0faa
GEO-BE-20108,71e1ed32-01da-58da-8cc2-b5884946caad
GEO-BG-10146,87d4a600-8619-5fbb-8c37-2ad488c907cd
GEO-BG-11747,d624ce1a-5e24-5d32-80c7-39ee3e8d9740
GEO-BG-11843,dc960b9b-02ad-5272-a5fc-6a4ac710f183
GEO-BG-12145,8f9134ff-3c09-512f-ad18-aa540021f4bb
GEO-BG-13862,9ccf8521-a6ae-58eb-ae7a-94c25110b39e
GEO-BG-14056,13ac0b8a-58df-5ac3-b644-de2d7ea3b90a
GEO-BG-1588,4fe063ef-5c0f-5a34-bc4d-11a1199e7e53
GEO-BG-16652,0c43ccc6-f81a-573d-a2c4-1b9d7a2738c9
GEO-BG-17970,8a14c710-4e7d-5ca5-b073-d1007fad2863
GEO-BG-18162,0ac6a43d-794c-5ab9-a5f6-b084372cf61f
GEO-BG-18199,e11c0ddd-70f8-55e3-b2e9-712bed96ed85
GEO-BG-18200,00c13024-1754-580d-9afd-a59ed41ff8fd
GEO-BG-18201,01f55db7-f5b6-5e66-b1fd-b9fc4daf0718
GEO-BG-18202,3a8235c1-29c5-5895-b919-abb9ad835665
GEO-BG-18208,741b20b0-f0f0-559a-b0ca-cc42a536075c
GEO-BG-18287,45378336-c2b9-5ed8-87e8-629bb782dc3f
GEO-BG-18607,b958ef02-82a1-5b12-a642-9353b68add8a
GEO-BG-18857,6a122417-259f-59c0-9096-65285925f1b9
GEO-BG-19701,bd556e03-bfaa-5f86-b325-eb89b21975c9
GEO-BG-19706,dfc3cd57-8f37-59b6-803f-07634e6d1043
GEO-BG-19707,27689649-22fa-58a0-8831-78ee241a30f0
GEO-BG-19721,86a7318a-94f5-53ab-a06b-855bbbe05d69
GEO-BG-19735,95d0b4ae-508d-532e-9ea3-ba8f6d70ba5f
GEO-BG-19998,a09ed24a-4443-5ac6-84a6-01b72b7a5bcd
GEO-BG-19999,bc8834e1-6101-54e0-9f79-fe675f13bb50
GEO-BG-20003,370feb0f-9e7d-50a3-ba9a-3355f6aa5b0e
GEO-BG-20107,820ec3e0-919a-5529-a796-f17b599a700d
GEO-BG-20116,5cb54fe7-c0b4-5a8a-a5bf-c3b9afc34f48
GEO-BG-20118,c1b5e2ad-956e-5a49-81ea-fd0cf7a68b6d
GEO-BG-20121,7f164171-e0f3-5ef2-ad95-a2c49d4c0c0f
GEO-BG-20875,4a4e4dc9-dd7f-5cf6-8b5a-4f03e6cff258
GEO-BG-22103,20fcc089-75ee-5b65-bdb1-313208775230
GEO-BG-7861,6d427695-6fa7-5d2f-9d23-f48016a6beb7
GEO-BG-8209,7e99ed6f-a8e7-57c8-843c-4377d469b72e
GEO-BG-8242,6bc92d8f-e067-5a16-b30d-f71368f20a7b
GEO-BT-1470,08d62e7b-b965-5ce3-8030-6e615bbf6519
GEO-BT-1475,6df12b2d-ceb4-5f3f-a503-23c52ced35ef
GEO-BT-1478,175abd45-9fa1-597f-b0c6-d879034eb6ca
GEO-BT-1543,5fee9c22-498d-5413-a36e-8db1fbbe9bf9
GEO-BT-1560,15b35b5d-8ddf-51fe-964b-dc67e2a7fb24
GEO-BT-1570,88b2ab40-1ba4-5961-ba45-700cfb504baa
GEO-BT-1577,ebcf47ca-6aaa-5213-98ff-39d0dd679f13
GEO-BT-1616,3cfa6058-c9f9-504f-8c7e-b72ba53b1aad
GEO-BT-1648,ddd46b86-bf00-5c22-8933-0ad96340d42c
GEO-BT-1649,b9ee094f-2a8e-5d89-a232-00bc8e229269
GEO-BT-1652,37fb6aa6-1172-5e7e-8347-2b357281a074
GEO-BT-1757,085aadfc-64f7-5247-8906-96f3707276b3
GEO-BT-1856,54ae65c9-da5e-5eee-818b-9a891dad45db
GEO-BT-1859,a07b31fc-9163-5e58-bfee-11cd5f651e4c
GEO-BT-1874,4a09c0a9-37b0-5bfe-b3e2-a3a506de5af1
GEO-BT-2899,e24b5d61-1c9e-57d5-9128-6d7a2ec4ac81
GEO-BT-2900,774e7cf5-50dd-5e0b-bd72-62854fb60110
GEO-BT-2914,6d25e776-de8c-5b3a-945c-106e7ec7689b
GEO-BT-2990,aa5290e4-6ff2-5ecd-9e06-91f2c1420add
GEO-BT-2991,f75f7025-d5b5-5e28-8b88-b6b9aab33d00
GEO-BT-2992,890c7084-5ba9-5db6-a5d6-126db9306ded
GEO-BT-2995,518b29d7-cfcd-5497-8a40-90350eef3c10
GEO-BT-3001,43d1325a-a4c3-50a3-931b-4056a42f2845
GEO-BT-3177,1a38cabc-6ca4-55d2-abe5-e3248f55c4fd
GEO-BT-3231,c5ab777e-7dfb-5b3e-9647-38c2ad4fa286
GEO-BT-3233,19d61e06-ed08-55fa-98c5-4de47cebdead
GEO-C22-107411,f320c5ed-3e22-5532-b608-d7ab9bf6b6e8
GEO-C22-107428,bfdd97e6-ab64-5f99-8b8c-aecba2a00e72
GEO-C22-107429,acf52563-769e-548d-8413-1fcb0e8bfb1f
GEO-C22-107436,662050e2-b6ef-5ee7-b1de-349b60d107ef
GEO-C22-108401,ffd7541e-bc8b-5f83-93d4-80f739393f5e
GEO-C22-108403,63e6c160-2b30-5c7c-8733-3f934364951c
GEO-C22-108404,f675aa61-d022-55cb-8970-a071525f1a9a
GEO-C22-108770,a08ad9f9-bcf7-56ad-b613-dbd8c7721597
GEO-C22-108771,63cbf126-d2ea-55ba-9c00-8bddfb81b2c8
GEO-C22-108774,b4ba44bf-11c8-5895-a607-7ad7ff3cbbdb
GEO-C22-108775,8462da09-40e7-5491-974e-0a81823b1e1c
GEO-C22-108777,e7c5d2cb-3804-5f55-8c9a-1065931377c4
GEO-C22-108778,680a2bde-67d4-59d6-bfbb-cc1e27bd2bfe
GEO-C22-108786,ee5bb35e-e4b1-5bb2-9dd7-4c51b46ff691
GEO-C22-108787,dfb643ab-aa92-50cb-924f-47a0db360386
GEO-C22-108788,fad32c01-c5e6-59b6-ab60-87f3ddec0701
GEO-C22-109024,9552e2d9-57e1-5f4f-9137-aa0e9391bd8b
GEO-C22-109025,d4458da5-baf5-5715-982b-f2a694752990
GEO-C22-109027,843bb691-518b-5413-81f9-f9558b61d165
GEO-C22-109028,100774c9-d25a-5b98-bd7c-4a7d94cd6003
GEO-C22-109029,3b7eb795-d9f9-53f5-a7a0-e9c0f1a4ece5
GEO-C22-109034,d0f616f1-17d1-5e16-94cd-eca8ebf2b25e
GEO-C22-109077,5eefb3b0-95f3-5c84-89cf-794f9f918a2d
GEO-C22-109495,4728f22e-f9af-5a11-ba38-68c9ea5687cf
GEO-C22-109496,cc47937f-f64f-5339-abdf-5e538d4ed8c9
GEO-C22-110370,a15e8828-0c98-5fc3-8517-9253ae7dc3ec
GEO-C22-110372,807b4ed2-e4e3-5748-9476-ef4886286902
GEO-C22-110482,0f87d89d-fd6a-5432-aa44-3e15c4c87eea
GEO-C22-110483,d4c5e8b8-e165-555e-991c-7f6db29a38f1
GEO-C22-117227,dc25075a-a966-5a99-a6b3-6c40bfc5bb64
GEO-C22-119233,e47a00b7-e747-51e0-ba9a-fd1b15c6845b
GEO-C22-119234,f5ecd116-6462-59a0-9473-8d8317026b60
GEO-C22-119235,4e7a57f1-44cd-57a3-9042-af9fc19bdda6
GEO-C22-119236,1404c5de-bda2-5a1e-8eef-23d5f3f1e07d
GEO-SE-12716,719feb02-d5d4-51d0-94ec-c264306b4a4b
GEO-SE-12717,7c93b784-d106-5728-b52a-cb51d43bede2
GEO-SE-13076,442508aa-4f7e-58ae-a95e-8ce381b0e917
GEO-SE-13077,7086cb15-73b7-560d-a759-9fa427e76078
GEO-SE-13113,c0cb20e4-ae83-5729-a8fd-c16f82c8cae3
GEO-SE-13146,db173c96-d564-5439-b646-ac7875180e44
GEO-UM-11555,80a9d4cd-9a1a-5729-8bbe-bcac81b5663a
GEO-UM-11556,acab1c54-e25b-58dc-b5e9-73609857c582
GEO-UM-11558,558ea348-f644-5120-a5d5-6ce1d5e81da2
GEO-UM-12100,1de218b4-8db1-509a-8a97-706b914d084d
GEO-UM-12102,51b4ba6e-5b06-5d82-9298-b7009e3e2856
GEO-UM-12103,3984343d-1d05-5ae0-95ca-20fdd5218950
GEO-UM-12104,5e7e2b54-5766-5ccc-9afc-17cf719fbcf3
GEO-UM-12105,fd2556bf-76b8-5a52-8700-a130cda6c3e4
GEO-UM-12107,ab4fb695-981c-5f57-a317-ecec0313a5f2
GEO-UM-12108,63e38e0c-ed46-5c3e-8a74-36117ff0cf5a
GEO-UM-12232,941a4ad5-cff4-5936-9a1f-5ff553a7bdea
GEO-UM-12572,375bbb13-e263-5369-96eb-387e846fb963
GEO-UM-12574,8de13610-c622-5e38-993a-fe8ed137ce67
GEO-UM-13816,568c0571-873c-53ed-b3ea-b9b6d9fe7f60
GEO-UM-13817,0a749767-ab9c-5c33-903c-0ffab4cb2086
GEO-UM-14055,3b3dddf2-05e3-51e2-81be-8851fd5b6050
GEO-UM-15376,0e667c94-7e2d-5d7c-969e-2bc4846b3984
GEO-UM-15387,29a51415-d3f6-5e57-8366-f6772d66f0d6
GEO-UM-15389,8c6aec9d-cfde-50c8-acbc-cbad3af932e5
GEO-UM-15390,26c4d672-40b8-5916-b341-752ac125f2fa
GEO-UM-15392,173b4a4a-57e8-5bd9-a76e-a91608103907
GEO-UM-15395,2c36ae03-1c13-523f-8ef1-d5c64aa313ae
GEO-UM-15396,e9e68322-44ec-569a-a5fc-e314dd1b07ff
GEO-UM-15398,6ed76dac-1a54-5346-a91d-6d9644036011
GEO-UM-15400,2af8a105-8a9b-5caf-a049-ba81c739c2d4
GEO-UM-15401,2ca187b7-858e-5fbe-93f8-977dac5efe45
GEO-UM-15402,7791744e-575c-5490-905d-bcdcbcd1a9da
GEO-UM-15403,514c38a3-68c0-5901-a07c-7bfd5669b5a6
GEO-UM-15411,cbe782a8-53e5-5064-8205-aea279723291
GEO-UM-15424,17858258-17de-5f16-bd1d-99303a25d534
GEO-UM-15426,0ac68406-7a97-5e7f-aabd-4112e14aa2a6
GEO-UM-15713,5dea9353-a56a-5753-91a0-c82b35039a03
GEO-UM-15714,7a525131-1915-5c7f-b891-e9c90e19d1f9
GEO-UM-15715,7de944b9-32c2-5d77-8b95-bec70a1e274b
GEO-UM-15717,9ba87595-0f9c-5830-ad44-a161c702db82
GEO-UM-15720,a3495434-8f5b-514d-999f-6b992a70b6ef
GEO-UM-15816,bc557de4-5872-5dbf-b490-c671a818f3b7
GEO-UM-16598,eee83bb3-799d-539c-911d-45f7e6825d2a
GEO-UM-16815,fb847464-ca58-5a75-875f-2e14a946f652
GEO-UM-16817,97143aad-7192-5905-86c1-b3dd09a04fa0
GEO-UM-16818,b60267bc-d115-52e7-be45-d3aa4134d5fa
GEO-UM-16821,af8d4a60-b885-5a1b-8ffc-6ca6b10fdf5e
GEO-UM-16842,1e465dff-48df-5dba-b3b0-a8b3c45abf45
GEO-UM-16845,2592ea81-64ee-5051-a6fa-ef26b316939e
GEO-UM-16847,6961b670-1cf8-53e5-ab49-0ade96179301
GEO-UM-16849,c2635200-7ce5-56d9-b6f9-811705bc8758
GEO-UM-16850,f1e65f46-ac2a-5df9-b20d-33a7893d9795
GEO-UM-16917,63b97f3d-d840-51e4-bfe7-480764406060
GEO-UM-16920,296116e9-dc31-5293-8f53-52f466e3b9a7
GEO-UM-16922,1e11b1d3-da37-5753-bf68-3e90f887987c
GEO-UM-16956,151e8f1c-b61c-5b17-a909-88ec34445e92
GEO-UM-16958,4a6e258a-23da-532b-bee3-b1011c1215e4
GEO-UM-16959,6b4e2ca4-9c8c-5ac1-8c51-4980a2cf7789
GEO-UM-16960,fce0e173-6b9c-5c02-9102-67541fd200ad
GEO-UM-16982,fb053aae-02a4-5ee2-9ab6-4ec059c6047b
GEO-UM-16984,859bdfd2-dc03-5583-8d36-99e9cd7c872c
GEO-UM-16985,8e3ad2ba-e3c7-5447-a4f8-60af4f24644c
GEO-UM-17049,bdbf7a32-06a2-5c8b-8822-0824603e36ce
GEO-UM-17052,16c36142-65db-5098-9dec-f9a0e2736fae
GEO-UM-17055,cb88dffa-821f-59a9-8a22-b2749fc2b146
GEO-UM-17175,ed5adb18-7fd6-507c-8d09-d917c95b41b7
GEO-UM-17176,e45768e7-9f53-5179-94b3-30b75984534c
GEO-UM-17178,0d724010-d663-5409-b027-c75ca7799d38
GEO-UM-17179,be04b506-a3fb-575a-9b48-57d82c37f516
GEO-UM-17180,391378c0-6a93-5224-ae25-fad5140561a9
GEO-UM-17183,df2a69d5-5cb2-5a49-b6d8-cf0e3221fca6
GEO-UM-17198,e78e2f69-6adf-53c0-9dc5-1436838062e6
GEO-UM-17207,cc78a95f-e6c9-59c2-a4b8-2af6b21a127a
GEO-UM-17208,9bb20e15-4bba-59f0-8a38-60f219283a73
GEO-UM-17256,5c706361-1967-5cdc-9b52-a95b6991933d
GEO-UM-17258,ce6cf356-3b2f-5d87-8777-a2c60cd62daa
GEO-UM-17259,522c3a5a-a4c1-5573-bbe0-a57af735cf0e
GEO-UM-17263,ded71fe4-fba6-50bc-944e-58c9f85c96af
GEO-UM-17266,2ef1a8b6-3624-5f8a-94fc-a79294a985f9
GEO-UM-17268,9771f5d4-252c-5576-8d4c-01045f03823c
GEO-UM-17269,527b4976-98bb-5c9f-852e-99894482bdbd
GEO-UM-17270,a996e0c5-bb48-5cd7-b415-eb7a9cada683
GEO-UM-17272,0e032934-5331-5812-aba7-fd61d0f3ccc0
GEO-UM-17273,0df99137-7175-5f7d-b751-8f85d117e7ba
GEO-UM-17278,821f00ae-222b-5cb4-9afb-f9aca8eaf0cb
GEO-UM-17281,a3c69218-e0b8-5b00-abac-4c983190e91a
GEO-UM-17282,0eb30056-6b4d-5561-80e7-bb3395a7cc03
GEO-UM-17284,717849e4-b2ac-5a7c-9253-94bece8a5e87
GEO-UM-17314,c51235ec-433f-5c6e-8a03-10c4f6a4bf33
GEO-UM-17604,f0ef8f0b-2e72-5372-830c-de4d7930e2c5
GEO-UM-17605,6e78d522-6398-5c82-a4b0-edcd6aa68fbb
GEO-UM-18234,4323e04e-b6bd-527f-8701-f22742cdb387
GEO-UM-18235,dd6d5741-bbfe-5ea7-ab56-56e2104d14f3
GEO-UM-18236,146cc317-b2d0-55d3-9428-eb7b413ad7ff
GEO-UM-18389,4385a73f-6f31-5b30-a5c5-6b53bcf83c31
GEO-UM-18390,77f18ce0-4182-5fde-bfad-9c16c74547ab
GEO-UM-18392,cf6d5dbb-11f2-5611-9c2e-48475a571b9a
GEO-UM-18420,3e8d16ed-ac12-5713-9656-aa6a41f126f5
GEO-UM-18423,9523233f-4dc9-5ae4-8154-0f4288ca720f
GEO-UM-18425,d2612c47-1cd9-5eac-974a-2e4b9ad94585
GEO-UM-18426,2a66eb06-887e-540c-80eb-ff54f6b58a3c
GEO-UM-18472,0ef40a47-1b3f-532a-bb12-2832541ff416
GEO-UM-18473,7976353d-98b7-5790-9f65-a39916c55b5c
GEO-UM-19392,d87c35aa-e1b3-5a89-905d-d8f202102d66
GEO-UM-20781,e9558c22-0480-5514-abf6-1d2396fc7a7e
GEO-UM-20908,8c38aec1-c08e-54b2-a12f-4b297307d112
GEO-UM-20931,ef92c6f2-ee18-5ded-b8fc-467c5ff199c0
GEO-UM-21925,ab921a79-61e1-5bcc-aad8-a469b176ce1e
GEO-UM-21926,0e2bc188-a444-5309-ac4d-f6e21e305ad0
GEO-UM-21927,8d86e2b1-9776-594f-88ab-7b92103b324a
GEO-UM-21929,9610cd16-0f99-5a1f-b678-1713f96bdc9c
GEO-UM-21931,d7779c5e-33e6-500b-9d7f-9c1f521d9f12
GEO-UM-21932,f83d141a-ddbb-5f07-8ed7-3de70dd82c5a
GEO-UM-21933,456d65fc-8280-5fdb-b751-bae091df1309
GEO-UM-21934,5ff78277-1f37-5588-a288-4732b0382a7a
GEO-UM-21936,d7085320-407f-55e3-8cf5-5666fac1211e
GEO-UM-21943,e794adb5-3c3c-57f8-b44f-9306948f7e80
GEO-UM-21945,fa2d6c6c-a2ae-5b33-a739-78237bc1f8c3
GEO-UM-21947,bdcb442b-7b0e-5b0c-a4da-d5f89cde5338
GEO-UM-23130,f12f6bf5-f041-594e-8397-3411fa588fd6
GEO-UM-7134,357898a8-561c-5538-be22-320d40b6fbd4
GEO-UM-7139,2d4d9780-9cf1-54c2-8f24-a514e8a3adef
GEO-UM-8291,e9fd6065-f249-5a92-8ed2-f2536fc5458f
GEO-UM-8293,ab31edc0-aade-522f-822f-743353d960c4
GEO-UM-8294,eb30606b-8adc-506e-beba-cac5033e436f
GEO-UM-8295,7feac6bb-aa40-519b-b87c-97814967024c
GEO-V12-107861,f0183e3b-cc30-5587-a863-dd39dbf0f91f
GEO-V12-107863,cc49ae65-4abc-57aa-9980-51daf3a3f077
GEO-V12-108860,05fc40a2-c247-5efd-83e3-57ad134490cc
GEO-V12-109557,1e500ceb-b977-5458-ad38-c846fda01671
GEO-V12-109558,493af55c-ed08-5c76-afa9-3ee2e1530b4d
GEO-V12-109563,b9c0d78e-99e6-5be0-87ae-be8f4f5a0704
GEO-V12-2898,5ee1c4c0-9777-5dd1-9fbb-2f3269897bfc
GEO-V12-30220,590e5c98-d4ef-5065-aa52-efdf2ef4ad3e
GEO-V12-30240,5b4ce8cc-8764-5cd7-bd01-72da0c49aa75
GEO-V12-32250,4f2213e5-2ad9-5dac-8aed-ba9b794f2079
GEO-V12-32350,60eed6eb-33dd-5327-bec4-48d713c567a3
GEO-V12-32370,849b522f-8ecc-5e58-9789-69f6c6764355
GEO-V12-32380,8ceec198-49f4-5ef2-bb6e-2ea9bb6ce761
GEO-V12-32410,96cc7fcf-1ced-5438-8611-11dc0750bd31
GEO-V12-32420,b3c17107-f500-5576-9f7d-15b160de4557
GEO-V12-32620,ec96245d-1f19-5eba-8d84-c597fbd3b80d
GEO-V12-32630,4d4bad3d-f713-5cec-8417-3daaabd9cdc5
GEO-V12-32640,317089f4-dd41-5215-b2e7-4706f25db66c
GEO-V12-32660,56e00625-1f34-5b92-a10e-7a0542b2f1aa
GEO-V12-32670,5cf9fa78-72f9-5b7e-b071-36135a8bd64d
GEO-V12-32690,6e37eede-2e15-523a-ac6f-1c881708f88b
GEO-V12-32700,46a876c0-4c21-564f-9193-282161f7bb35
GEO-V12-32710,d19063f7-dcce-54cf-8833-4ea629b728a9
GEO-V12-32930,f826c733-4991-53f1-b8a7-8b389d35add9
GEO-V12-32940,c2f3b730-c2d4-5438-a5dd-c0fd19087347
GEO-V12-32950,15763b88-81c0-5765-9990-2770676bba8b
GEO-V12-32960,25dddc96-bd7b-5736-adc5-2989bc678962
GEO-V12-32980,693c3042-dca1-5f05-992e-726ad000fe7e
GEO-V12-33010,ae987705-1cc1-5a2e-9e58-ea83b1afdfd1
GEO-V12-33040,3ab6d1c5-2fea-5061-bb4e-7408da1f2f82
GEO-V12-33100,a4dbc670-ad9c-5912-9317-6271e0ae9e18
GEO-V12-33140,54bca1cf-162a-5b0e-aefa-86d7a8a45a0a
GEO-V12-33230,e02ea6a6-8cef-5002-8e0d-826e7880a816
GEO-V12-33280,1dde1b8d-e6fc-5169-a06e-e17289d637cf
GEO-V12-33290,488c6cb7-1358-55fe-b47f-4dd7dc5b738d
GEO-V12-33490,6129641d-1942-5111-bac6-3201b27de9cc
GEO-V12-33620,252324af-3e8e-5ceb-ae2d-f329f78cc8cc
GEO-V12-33630,b3b2168f-61af-558f-aa2c-922513cb9580
GEO-V12-33640,2fc856dc-cee5-5173-a0a3-654078a6ffdd
GEO-V12-33650,348c6d9c-edc8-5dd3-8a4a-65bbf2c0ab5a
GEO-V12-33660,6e4ea323-9bae-57e9-88fe-8d5f42ef5932
GEO-V12-34690,7b76ece3-d95c-5209-ab46-c0a36044b8f8
GEO-V12-34740,2a532099-6ca1-5987-b4e8-8272843248b0
GEO-V12-34750,1be22b2b-87b3-5c81-af5f-24f61fa9dcd1
GEO-V12-34760,55a2d323-cec4-5930-b78e-217fd112211e
GEO-V12-35050,a9c72a8e-d366-5aab-88a4-257d4184287e
GEO-V12-35060,96673e4c-8903-520e-92ea-f71483d5e7aa
GEO-V12-35080,8b2b4eeb-3c04-5af4-a991-e9cb1158eafe
GEO-V12-35240,fd1b607a-2b69-57b8-b0e9-d99a621d9264
GEO-V12-35250,1baadcad-a9bf-5ee5-81b5-a9c952c29597
GEO-V12-35360,0a95a8b5-de6d-56e1-b590-de73e047de7d
GEO-V12-35590,6ac43a28-f1c9-553f-928f-d0a72d9492e9
GEO-V12-35600,10083f53-69e0-55d7-9362-34cb8fcca02c
GEO-V12-35620,119fb285-5e70-52a7-bfaf-e7cc4878e4a7
GEO-V12-35640,7a99d188-a0e4-5028-af10-30ba6d7aaa75
GEO-V12-35680,ee204227-b34f-5dd9-bda0-a730f7ab99d1
GEO-V12-35710,9c6d8578-9e1d-56b8-aece-4899032111a2
GEO-V12-35740,94e15ddc-a49c-558b-8937-cdf35e48abb2
GEO-V12-35760,c2093aa9-fd41-5130-874a-d9b482ccecd5
GEO-V12-35780,1fcae524-55f0-5a37-b3a8-3c5a1f38ec59
GEO-V12-35910,3a61bd2d-21a3-5190-95b9-1acbd75480a3
GEO-V12-35920,a93367f8-3620-59c0-aba8-3a37dc3adf47
GoPro-001,c011c420-69c4-5993-a569-585836666a9a
GoPro-002,9262ab7c-c620-5e0e-9209-2493d4915ace
GoPro-003,aab7a6fb-0333-595a-b935-c927bc8ceb09
GoPro-004,8dac717d-5150-52b3-91ad-243642843441
SB-199430,e7c763be-2fc3-5048-a5cd-edf2537c59fb
SB-199431,2812019f-9cff-5357-a64e-ad4a805541c2
SB-202171,b9ec28e7-0f45-5f6f-bf65-438b79ffd53b
SLM-C50-117794,437be138-7b40-5b10-b6be-b43978b5e678
SLM-C50-117795,4b956672-535e-5005-a9a7-05efa67311d0
SLM-C50-117797,18f5bf2d-3be1-54fb-9254-e834a7ac3ad1
SLM-C50-118929,4b0ff1ac-90c9-5172-aa79-a12f4d2df1c2
SLM-C50-118930,1a8317a6-65b6-5158-aaa0-731573b087a1
SLM-C50-118931,fcc5d44a-d612-5eb8-89f9-68e69ebdecf8
SLM-C50-118932,fc30e78a-6a5b-5d9b-985d-1f78b74f4193
SLM-C50-118985,f0b4e606-81f5-5022-8cd8-ec471a74725d
SLM-C50-118987,cf9d9c59-8041-5db0-a61b-a6202ecbfb79
SLM-S50-107861,d9fd3883-34d5-5cb0-8243-5ba8855469db
SLM-S50-107863,1d2128a3-51a8-5886-99c6-522518f67bcd
SLM-S50-108860,d64406b9-31fe-551e-a976-93ee7eb286f5
SLM-S50-109557,2fab1a2b-f1b2-5957-b483-698b9ab20c03
SLM-S50-109558,2120f96f-b369-58bc-862a-7dcc04a64cd8
SLM-S50-109563,4e6e9c04-dc2d-5489-a4ea-140503913285
SLM-S50-12424,744e3cd5-90de-52af-b2c5-7bb367f67741
SLM-S50-12703,b0a66b9c-14bc-519d-a141-da9b8919d1e9
SLM-S50-13589,41b3fc7b-3043-5869-9c03-9cc864facfb6
SLM-S50-13593,521bc90d-a5bc-5ef7-9532-af9c61aacb83
SLM-S50-13595,23a0adbf-5b9f-55da-9c91-225868ba5fab
SLM-S50-13596,0ae87578-410a-5993-814c-e05a52ad88b3
SLM-S50-13599,b335ae4b-a41b-5489-afc3-aaf2a8183e76
SLM-S50-13648,4031413d-9283-5777-ab68-23060274b6f6
SLM-S50-13653,54b4a13a-bfaf-5584-8328-d98329f23b6a
SLM-S50-13654,36066d38-3bd2-5691-9401-9ff37cad9908
SLM-S50-13655,35a4b3be-af78-55cd-988b-73a75ec07382
SLM-S50-13656,a303ce65-6b3d-55f4-905f-25495bd39f2c
SLM-S50-13657,af677937-f03f-592c-ae6b-3b7d85f7e830
SLM-S50-13658,53adb05b-3a58-522c-8291-fa6cf0ec334a
SLM-S50-13759,ad549d30-d713-5a1e-99e5-a120cd7320c7
SLM-S50-13763,0c529dcd-d118-57e3-a896-cdc5a7157db3
SLM-S50-13767,e34a6672-ad12-5de1-8c20-fa0c52ac076c
SLM-S50-13768,05138b7a-25f3-53c7-ae48-91ae9eea8a0a
SLM-S50-13769,731e16cf-a82b-5591-b7cd-813aa8210f89
SLM-S50-13777,2d71bf48-cc71-55ad-96af-5d7f25d51b1a
SLM-S50-13778,2a6979cb-af9b-588c-be58-1f50faa9a7d0
SLM-S50-13844,bf704f3a-26e5-594f-99dc-fca1b7047aa7
SLM-S50-13846,0fc80f48-b1d9-5ab3-a00f-8bd3bd4f64a9
SLM-S50-13859,e88da556-f719-5d7d-b775-02b0c679cf35
SLM-S50-13863,ba9477fc-6f8d-5abd-b71a-a77e953f5053
SLM-S50-14026,e57b5b8b-5ab7-55b1-83bd-bfa69b200cbb
SLM-S50-14257,eb95706d-62e8-5139-9502-3bfe44fda081
SLM-S50-14415,fb518e55-a2a6-5341-ba1d-7bae826bffdf
SLM-S50-14416,993cd4d1-9add-5099-bdfe-515ce51a9aaa
SLM-S50-14419,fc33c0e8-484b-5221-9edd-66c18f0f2f57
SLM-S50-14485,8a4db314-27d6-5143-85e7-8a85112fb715
SLM-S50-14486,6e3d7e5c-5e3f-572a-8924-10ee859544bf
SLM-S50-14488,818d7452-773a-558d-85ab-de1c01d4374a
SLM-S50-14489,47a3fa96-138b-5b5a-ad36-ce49fc3f5b6e
SLM-S50-14567,232c307f-7d10-5e18-a367-4b1f10b9ee4b
SLM-S50-14568,3278e31c-94a8-5be2-ac8f-2fc68febe230
SLM-S50-14574,725a24f3-3bf8-576a-8474-10ba335134ff
SLM-S50-14575,337fe28b-d638-5346-90a3-892a12797a24
SLM-S50-14578,fddc596f-050d-5ca0-a7ce-77248c151671
SLM-S50-14579,fb94646b-7fdf-5d77-b386-c6934432322d
SLM-S50-14583,43fe694a-904b-5e75-8767-58e8d5a1799a
SLM-S50-14584,526248c9-89cc-5179-97a0-806b6c876cf6
SLM-S50-14585,d9ee7cc3-72ee-5bab-91b8-a197115771d5
SLM-S50-14586,216592c6-4913-5087-a1e7-e9e49ee15146
SLM-S50-14587,e0643a17-a4ba-5179-95c6-35d809ed0ac5
SLM-S50-14599,06aeac48-d14d-5c82-8254-7f53868f444c
SLM-S50-14603,c0dba285-054a-5866-a74a-6a4f94571858
SLM-S50-14604,ee98d54a-ed27-59dc-ba7f-ac567e525383
SLM-S50-14605,e38c8baf-be67-5417-a3bc-9b89b586ff14
SLM-S50-14613,52f0db41-55d9-5fb3-a6a6-a55c0b0f116f
SLM-S50-14614,f21a8916-5c61-502e-8ee3-4655674640eb
SLM-S50-14658,3bdcf6db-613a-5c6b-a1e7-f58b64dcdb62
SLM-S50-14829,70f2d114-c618-54a3-9207-a2c8ada06e33
SLM-S50-2898,a5527ef6-6164-5b5b-9478-e1daae295cd4
SLM-UA-10445,ee95c468-1633-50ba-9e14-3be7c9aa9ae1
SLM-UA-10601,bd0fe8a1-2f98-557e-a43f-a7f5229304ae
SLM-UA-10602,404d432b-77f7-5a4a-ae5b-25ef20026052
SLM-UA-10605,cc797738-01b5-5e38-a01a-92e2f950a3d4
SLM-UA-10607,6785512c-1e67-5daf-94fc-1ba9d3f04c34
SLM-UA-10608,3f109eb6-7de2-51cf-ad32-cb7f6bf4882d
SLM-UA-10658,9ef7c227-8264-5263-8174-306a2e126de3
SLM-UA-10694,4ea47bd4-4a43-507c-971d-8633b593a620
SLM-UA-10775,640f3052-e308-5ed7-bf9d-6e32cec9a0eb
SLM-UA-10899,a35b37c2-57ad-595c-9e02-18810dafa3eb
SRV-INFRANet,0d8c1ce1-3f5c-5be7-a517-0cba3c1042d0
SRV-Vision,06e0b294-4c7c-5560-b980-dc2edccaa34d
SRV-Vision II,910698a5-8170-542b-a5f7-58c256435a91
TLT-001,7739651f-e762-52c9-ab3d-129bf5a9d971
TLT-002,180b719b-daa4-5854-b45a-4ff92f41fbe9
TLT-003,351f9248-9252-5857-a7b8-c4c8a12199fb
TLT-004,ea4b9320-a92a-5cbc-97cc-eebccb60f4bc
TLT-005,fd5c567e-e3b0-5481-b534-0f2329e6cc1e
TLT-006,7e756c4e-1aa0-5f10-af9b-77b13d9f5741
TMP-0001,4c7ad987-63b4-50df-a23f-0a0245c0876d
TMP-0002,f233ecdd-4cd6-5161-aca3-7c5a16614f17
TMP-0003,aa3e84ba-afbf-523a-a3b2-9dc9bd47e37f
TMP-0004,f6b4e5cc-42f2-59b6-8c6d-df8f37dd8866
TMP-0005,b1da5022-2450-563c-a9aa-aef08ff6403d
TMP-0006,fe01f752-1261-5cfa-b4ef-7836618e4302
TMP-0007,4f88bf87-d655-58da-821b-7d2c4b35c5e9
TMP-0008,aa4cde30-59b8-5b11-92aa-360c208ee2f3
TMP-0009,77acaf9a-e0a8-5422-a340-94f66e92b7b1
TMP-0010,ec83e344-44f7-5538-8dd7-db413284a3c9
TMP-0011,c64e98e7-b1d0-54b8-aa99-e08efb46270d
TMP-0012,bc2959f8-69a6-5eb1-a8e9-4c088bf49f96
TMP-0013,464d5008-2662-5e5d-b56e-a7b1589df6be
TMP-0014,fd8a1855-a1ba-55a5-891e-8b8a84d7f68f
TMP-0015,d4d2a3bb-b540-53e7-83d5-3acece088c7d
TMP-0016,ba5de96d-0394-578c-9575-fa987f762a23
TMP-0017,a30f14dc-b012-5501-b1e6-3009c1d0eb95
TMP-0018,3e06c762-fd0a-597a-a810-e8c19e3a9440
TMP-0019,ffae1a81-773f-5c30-95e6-e2d925f5fc95
TMP-0020,25e3d2af-f0fd-502c-80c5-1fa73ce46669
TMP-0021,02d27977-be82-5fb0-8410-384b3b34e9aa
TMP-0022,a9f25bd2-e8b3-5438-9b48-0a68049f26d2
TMP-0023,960184fc-2ce1-52c0-a082-da730a741b77
TMP-0024,440b0061-be55-53f8-8016-2eb199388596
TMP-0025,e17df2e8-1b4c-51d8-804a-b058e0e85523
TMP-0026,53cf6d9f-8e14-53be-a88f-8b4adb7cced8
TMP-0027,5b010864-6088-52e6-a8f2-57e76bbad5db
TMP-0028,e2c6f73c-5640-577c-ab01-66814ff33998
TMP-0029,d0fad122-8dc9-5f5a-8b5c-fc7b68e528be
TMP-0030,f7c93e41-0227-5581-bd9b-4b2bbb03c1d8
TMP-0031,81be5410-7044-5d16-88fd-55d55c1b1488
TMP-0032,326e7b4a-3045-5ed7-86bf-e859e1a971bd
TMP-0033,fdab920c-ee86-5534-bcfa-a97b044a51f7
TMP-0034,537c11a3-10ea-5c7c-8269-2555d6a47da9
TMP-0035,521f9b42-c677-5888-b273-1ce9f17eabcf
TS-001,055878c3-6cc4-5f67-8029-e865483bf057
TS-002,e41f1cd8-04c0-55fe-89db-4b8b75f19959
TS-003,af7c9d06-fe04-50d5-b1fd-0e93c2cd604d
TS-004,e3d595db-1918-577a-a228-4e71796d91ad
TS-005,51894e10-ea81-5a5c-b79b-db158cb92ad4
TS-006,cc55463f-0eca-5550-8129-08d91409ac99
TS-007,78631217-1251-5143-9b39-48ab5a63a6b7
TS-008,9fb8db1c-59db-53b4-94ea-035fd9f944bf
TS-009,1c34a308-35cf-5fe8-8480-2fecce74855e
TS-010,8723c15d-95e7-5d1f-b195-fc2d17859f28
TS-011,52f7216d-de4f-5042-bbf3-00aa8ee52a36
TS-012,8737428f-cdf7-5758-89e7-e698d50cf806
TS-013,ef900343-bd9c-5586-a6ac-86fcd8ff0416
TS-014,b9941462-fc63-5028-892f-f20851f38e79
TS-015,f1cf5fa6-2768-5000-a21e-41db57fdc7c6
TS-016,2ddf028a-286f-5c46-beb4-8ebad9d1f550
VWR-001,26875173-c0f3-5f32-a50e-d923e5bb6a9f
VWR-002,e8fcea8c-4fa1-58a8-9ea5-b6987e0e1745
VWR-003,2268d8e0-f898-58b2-a5f6-0548e6c2bddd
VWR-004,9336dbed-243e-5df3-a477-c758397909aa
VWR-005,09973974-7eda-5abd-aa86-d99526124a90
SLM-LD-PA-1712.0,7e001518-babf-5ae0-9613-df854a03bad4
SLM-LD-EL-323309.0,6c7cacf9-d649-5bb5-81b5-ffe5f3debb27
SLM-LD-PA-1714.0,b77d7f8c-e5ae-5bf0-9338-3dd0851979c0
SLM-LD-EL-323316.0,18110961-3c5f-5f3d-997f-8102c21e0829
SLM-LD-PA-1717.0,0444381e-24a4-52de-b43c-e9212220676e
SLM-LD-EL-323155.0,003fd4b9-35b4-5853-b78d-ab16d3859141
