LocationName,LocationType,ParentLocationName,IsActive,Latitude,Longitude
Ontario,Region,,TRUE,,
Ottawa,Office,Ontario,TRUE,,
Toronto,Office,Ontario,TRUE,,
Sudbury,Office,Ontario,TRUE,,
SWO,Office,Ontario,TRUE,,
London,Office,Ontario,TRUE,,
Kitchener,Office,Ontario,TRUE,,
Waterloo,Office,Ontario,TRUE,,
Stoney Creek,Office,Ontario,TRUE,,
Mississauga,Office,Ontario,TRUE,,
Thunder Bay,Office,Ontario,TRUE,,
Montreal Calibration,CalLab,,TRUE,,
Unassigned,Storage,Ontario,TRUE,,
116 Lawrence Heights Road,Site,,TRUE,43.38443,-79.57335
4175 Bellamy Ridge Road,Site,,TRUE,45.28113,-76.06525
Chapel Hill Overpass,Site,,TRUE,45.82889,-76.34379
1039 Lakeshore Viaduct Road,Site,,TRUE,43.85392,-80.04915
672 Eastgate Boulevard,Site,,TRUE,43.75692,-79.72715
Kanata North Substation,Site,,TRUE,46.03549,-75.99162
Northline Hospital Redevelopment,Site,,TRUE,43.51171,-79.55131
Junction Rail Underpass,Site,,TRUE,43.53519,-79.60855
2904 Larkspur Way,Site,,TRUE,44.95483,-75.72169
468 Willowdale Crescent,Site,,TRUE,43.51341,-79.37167
524 Portlands Way,Site,,TRUE,43.95275,-79.31898
2090 Tamarack Line,Site,,TRUE,45.35898,-75.32057
2422 Copperhead Road,Site,,TRUE,44.95638,-75.8913
4143 Tamarack Line,Site,,TRUE,45.73567,-75.58607
3613 Stonebridge Court,Site,,TRUE,46.09784,-76.09086
482 Lakeshore Viaduct Road,Site,,TRUE,43.52129,-78.98539
2924 Queensway Ridge,Site,,TRUE,43.59894,-79.49724
1324 Queensway Ridge,Site,,TRUE,43.94271,-79.66864
2605 Stonebridge Court,Site,,TRUE,45.51383,-75.73157
Harbourview Condominium Excavation,Site,,TRUE,43.92737,-79.60031
3331 Sheridan Mews,Site,,TRUE,43.60488,-79.78941
Airport Corridor Guideway Segment 12,Site,,TRUE,44.0697,-79.54188
1365 Old Quarry Road,Site,,TRUE,45.19231,-75.58001
4823 Nickel Belt Road,Site,,TRUE,46.3101,-80.92576
2018 Sheridan Mews,Site,,TRUE,43.68877,-79.65444
3910 Queensway Ridge,Site,,TRUE,43.66738,-79.50786
Portlands Flood Channel,Site,,TRUE,43.35011,-80.32386
3311 Portal Avenue,Site,,TRUE,46.527,-80.57956
3199 Humberline Court,Site,,TRUE,43.65828,-79.29439
3947 Ironwood Crescent,Site,,TRUE,45.57168,-75.19672
Westgate LRT Shaft 2,Site,,TRUE,45.23378,-76.112
Carleton Ridge Pump Station,Site,,TRUE,45.76131,-75.99736
1031 Nickel Belt Road,Site,,TRUE,46.78923,-80.89213
Marchmont Interchange Pier 4,Site,,TRUE,45.28086,-75.68496
Copper Ridge Crusher Pad,Site,,TRUE,46.84039,-80.34183
445 Willowdale Crescent,Site,,TRUE,43.39911,-79.22239
285 Portlands Way,Site,,TRUE,43.54885,-79.50095
1091 Harbourview Lane,Site,,TRUE,43.7147,-79.13097
97 Birchmount Terrace,Site,,TRUE,43.12112,-78.72137
4004 Lakeshore Viaduct Road,Site,,TRUE,43.88129,-79.87989
295 Harbourview Lane,Site,,TRUE,43.76627,-79.34775
Nickel Belt Tailings Dam Crest,Site,,TRUE,46.05969,-80.14438
2275 Birchmount Terrace,Site,,TRUE,43.17735,-78.80122
Boreal Pit Bench 4,Site,,TRUE,46.26632,-81.33064
3004 Birchmount Terrace,Site,,TRUE,43.57157,-79.34042
Lakeshore Viaduct Pier 7,Site,,TRUE,43.70766,-79.65343
4303 Birchmount Terrace,Site,,TRUE,43.69084,-78.85592
3065 Old Quarry Road,Site,,TRUE,45.43213,-75.27256
4534 Nickel Belt Road,Site,,TRUE,46.91421,-81.07252
1407 Lakeshore Viaduct Road,Site,,TRUE,43.5705,-79.37399
4806 Portlands Way,Site,,TRUE,43.85846,-79.24618
174 Bellamy Ridge Road,Site,,TRUE,45.88285,-75.44028
2880 Birchmount Terrace,Site,,TRUE,44.31489,-79.83702
1020 Silverbirch Parkway,Site,,TRUE,45.60357,-75.62183
1240 Greyrock Mine Road,Site,,TRUE,46.53024,-81.50361
327 Birchmount Terrace,Site,,TRUE,43.63956,-79.93045
Long Lake Haul Road Cut,Site,,TRUE,46.41912,-80.34034
2298 Sheridan Mews,Site,,TRUE,43.49162,-79.45756
1203 Birchmount Terrace,Site,,TRUE,43.64905,-79.27871
4280 Fenwick Street,Site,,TRUE,45.81253,-74.98765
3485 Long Lake Ridge,Site,,TRUE,46.10699,-81.38286
Midtown Relief Sewer Shaft 3,Site,,TRUE,43.48582,-79.3766
4624 Harrow Gate Drive,Site,,TRUE,45.4394,-75.71988
Rideau Bend Rail Grade Separation,Site,,TRUE,45.25778,-75.63878
323 Millrace Avenue,Site,,TRUE,45.34986,-75.64313
2893 Danforth Ridge Road,Site,,TRUE,43.62937,-79.15792
1957 Willowdale Crescent,Site,,TRUE,44.24993,-80.06031
4705 Harrow Gate Drive,Site,,TRUE,45.8601,-75.93403
2160 Lawrence Heights Road,Site,,TRUE,43.17184,-79.12373
2978 Silverbirch Parkway,Site,,TRUE,44.95003,-76.04223
2085 Tamarack Line,Site,,TRUE,45.76614,-75.55731
3441 Eastgate Boulevard,Site,,TRUE,43.5143,-79.4378
4733 Eastgate Boulevard,Site,,TRUE,43.72507,-78.70063
Fallowfield Quarry East Bench,Site,,TRUE,45.59728,-75.70244
1880 Sheridan Mews,Site,,TRUE,43.38631,-79.74906
1250 Silverbirch Parkway,Site,,TRUE,45.59049,-75.78049
3775 Willowdale Crescent,Site,,TRUE,43.42838,-79.52919
501 Copperhead Road,Site,,TRUE,45.13301,-76.06301
3150 Millrace Avenue,Site,,TRUE,45.45512,-76.05173
4026 Portal Avenue,Site,,TRUE,46.37981,-80.90698
1210 Silverbirch Parkway,Site,,TRUE,45.61826,-75.69958
1444 Ashgrove Terrace,Site,,TRUE,45.3765,-75.74263
1892 Humberline Court,Site,,TRUE,43.23864,-78.8103
1985 Old Quarry Road,Site,,TRUE,45.06176,-76.05459
4021 Ironwood Crescent,Site,,TRUE,45.33098,-76.3717
297 Boreal Pit Road,Site,,TRUE,46.93734,-80.55445
4863 Portlands Way,Site,,TRUE,43.50886,-79.47039
Greenbelt Trunk Sewer Shaft B,Site,,TRUE,45.05779,-76.16361
4445 Erie Shore Drive,Site,,TRUE,42.92963,-81.48068
54 Copperhead Road,Site,,TRUE,45.53661,-76.12463
Bluewater Port Berth 5,Site,,TRUE,43.2505,-80.76709
3242 Lawrence Heights Road,Site,,TRUE,43.40945,-79.3685
3357 Queensway Ridge,Site,,TRUE,43.37656,-79.1561
4797 Fanshawe Ridge,Site,,TRUE,42.9902,-80.85664
3008 Portlands Way,Site,,TRUE,43.48481,-79.6475
4573 Danforth Ridge Road,Site,,TRUE,43.78846,-79.11257
4070 Old Quarry Road,Site,,TRUE,45.43793,-75.45278
2388 Bellamy Ridge Road,Site,,TRUE,45.25403,-75.84273
3622 Erie Shore Drive,Site,,TRUE,42.93018,-81.03048
Kelly Lake Dam Spillway,Site,,TRUE,46.56133,-80.86349
1090 Frood Extension Road,Site,,TRUE,46.32011,-80.61122
Conestoga Interchange Abutment,Site,,TRUE,43.34203,-80.70989
3250 Ashgrove Terrace,Site,,TRUE,45.17532,-75.77473
4484 Highbury Crossing,Site,,TRUE,43.2925,-80.65022
401 Ironwood Crescent,Site,,TRUE,45.22323,-74.79892
170 Tamarack Line,Site,,TRUE,45.34629,-76.27382
4352 Long Lake Ridge,Site,,TRUE,46.19328,-80.76601
594 Wexford Drive,Site,,TRUE,43.31537,-79.33875
905 Wexford Drive,Site,,TRUE,43.48317,-79.12571
2183 Millrace Avenue,Site,,TRUE,45.54082,-76.37339
2451 Tamarack Line,Site,,TRUE,45.57005,-75.50536
3962 Highbury Crossing,Site,,TRUE,42.77871,-80.63903
1254 Eastgate Boulevard,Site,,TRUE,43.60895,-79.39995
2172 Lakeshore Viaduct Road,Site,,TRUE,44.14468,-79.4629
2471 Bluewater Road,Site,,TRUE,43.21251,-81.12437
1565 Portal Avenue,Site,,TRUE,46.45611,-80.84311
1015 Grist Mill Lane,Site,,TRUE,45.70818,-76.47115
789 Erie Shore Drive,Site,,TRUE,42.98567,-80.14601
273 Copperhead Road,Site,,TRUE,45.64041,-76.00146
271 Danforth Ridge Road,Site,,TRUE,43.50283,-79.45214
4059 Millrace Avenue,Site,,TRUE,45.44223,-74.91533
1590 Long Lake Ridge,Site,,TRUE,46.60381,-80.89256
3606 Harbourview Lane,Site,,TRUE,43.01322,-78.6787
Frood Extension Ventilation Raise,Site,,TRUE,46.56654,-80.9217
Erie Shore Wind Farm Access,Site,,TRUE,43.04377,-80.98803
4534 Eastgate Boulevard,Site,,TRUE,43.30849,-79.3166
1586 Long Lake Ridge,Site,,TRUE,46.36301,-80.65339
350 Wellington Bypass,Site,,TRUE,43.11244,-81.54966
Greyrock Mine Portal,Site,,TRUE,46.39069,-81.60865
2288 Portlands Way,Site,,TRUE,43.63156,-79.112
4017 Grist Mill Lane,Site,,TRUE,44.88185,-75.52055
1169 Conestoga Parkway Extension,Site,,TRUE,43.28015,-80.79789
496 Fenwick Street,Site,,TRUE,45.62507,-75.91685
2006 Lawrence Heights Road,Site,,TRUE,43.64397,-79.83633
4726 Sheridan Mews,Site,,TRUE,43.83294,-79.60191
458 Silverbirch Parkway,Site,,TRUE,45.40984,-75.9483
Thames Valley Trunk Sewer Shaft A,Site,,TRUE,42.63855,-81.14431
2608 Eastgate Boulevard,Site,,TRUE,43.73637,-79.26791
1483 Kettle Creek Road,Site,,TRUE,45.63482,-75.57196
632 Copperhead Road,Site,,TRUE,45.37058,-75.51076
3543 Bluewater Road,Site,,TRUE,43.20517,-80.92258
4409 Tailings Access Road,Site,,TRUE,46.39794,-80.98863
4459 Nickel Belt Road,Site,,TRUE,46.29619,-80.79148
936 Sheridan Mews,Site,,TRUE,43.58751,-79.10644
3353 Oxford Mill Lane,Site,,TRUE,43.17967,-80.53506
377 Frood Extension Road,Site,,TRUE,46.60447,-81.00172
Grand River Bridge Pier 2,Site,,TRUE,43.26532,-80.95926
481 Queensway Ridge,Site,,TRUE,44.03035,-79.43963
403 Lily Creek Drive,Site,,TRUE,46.55122,-81.53455
2220 Silverbirch Parkway,Site,,TRUE,46.01217,-76.0434
3755 Kelly Lake Line,Site,,TRUE,46.12384,-80.98282
3111 Shaft Road,Site,,TRUE,46.63474,-80.31275
4680 Ashgrove Terrace,Site,,TRUE,45.83783,-75.42262
259 Copperhead Road,Site,,TRUE,45.91942,-75.21749
796 Oxford Mill Lane,Site,,TRUE,42.96658,-80.43058
83 Lakeshore Viaduct Road,Site,,TRUE,43.88092,-79.80186
349 Oxford Mill Lane,Site,,TRUE,43.65223,-80.83155
4846 Nickel Belt Road,Site,,TRUE,46.60939,-80.82748
273 Harbourview Lane,Site,,TRUE,43.49752,-79.76633
2333 Long Lake Ridge,Site,,TRUE,46.48148,-81.039
3315 Harbourview Lane,Site,,TRUE,44.19412,-79.37567
3552 Willowdale Crescent,Site,,TRUE,43.8695,-79.49075
4073 Portal Avenue,Site,,TRUE,46.81027,-80.51446
3833 Queensway Ridge,Site,,TRUE,43.3667,-79.09234
3217 Queensway Ridge,Site,,TRUE,43.7079,-79.39653
3606 Conestoga Parkway Extension,Site,,TRUE,43.2029,-81.17905
3642 Bluewater Road,Site,,TRUE,42.87549,-81.33083
1410 Greyrock Mine Road,Site,,TRUE,46.21376,-80.70003
2412 Willowdale Crescent,Site,,TRUE,43.58457,-79.00848
1728 Tailings Access Road,Site,,TRUE,46.08598,-81.08937
565 Grand River Line,Site,,TRUE,42.87046,-81.56362
1312 Kelly Lake Line,Site,,TRUE,46.63838,-80.79001
1837 Tamarack Line,Site,,TRUE,45.85611,-75.43188
3233 Copperhead Road,Site,,TRUE,45.61095,-75.47648
2474 Greyrock Mine Road,Site,,TRUE,46.22028,-80.41647
3947 Portlands Way,Site,,TRUE,43.74244,-79.00728
27 Conestoga Parkway Extension,Site,,TRUE,42.85744,-81.18823
2078 Millrace Avenue,Site,,TRUE,45.37531,-76.16859
3367 Lawrence Heights Road,Site,,TRUE,43.78732,-79.50774
3739 Willowdale Crescent,Site,,TRUE,43.45942,-79.34989
2858 Lakeshore Viaduct Road,Site,,TRUE,43.61504,-79.07237
4838 Lakeshore Viaduct Road,Site,,TRUE,43.50272,-78.83326
935 Harbourview Lane,Site,,TRUE,43.71252,-79.59478
1117 Conestoga Parkway Extension,Site,,TRUE,43.17384,-81.15238
885 Thames Valley Road,Site,,TRUE,42.97886,-81.50345
4025 Humberline Court,Site,,TRUE,43.62134,-78.88706
4681 Bellamy Ridge Road,Site,,TRUE,45.90794,-76.08667
4322 Shaft Road,Site,,TRUE,46.49242,-81.01876
4838 Thames Valley Road,Site,,TRUE,42.79534,-81.48245
964 Pinery Road,Site,,TRUE,42.71216,-81.19445
3534 Lawrence Heights Road,Site,,TRUE,43.53879,-79.68857
3554 Stonebridge Court,Site,,TRUE,45.95234,-75.49231
3560 Erie Shore Drive,Site,,TRUE,43.42883,-81.21611
1844 Pinery Road,Site,,TRUE,43.12068,-80.96002
2156 Kelly Lake Line,Site,,TRUE,46.47076,-81.07788
4647 Lakeshore Viaduct Road,Site,,TRUE,43.18526,-79.01627
4390 Tamarack Line,Site,,TRUE,45.35298,-75.28365
1974 Larkspur Way,Site,,TRUE,45.26686,-75.4147
4117 Portlands Way,Site,,TRUE,43.52861,-79.31121
1835 Greyrock Mine Road,Site,,TRUE,46.48017,-81.45875
3447 Boreal Pit Road,Site,,TRUE,46.66756,-80.754
4377 Eastgate Boulevard,Site,,TRUE,43.86085,-79.67105
4600 Grist Mill Lane,Site,,TRUE,45.73949,-75.69659
4203 Stonebridge Court,Site,,TRUE,45.58756,-75.91619
4234 Copperhead Road,Site,,TRUE,44.78669,-75.71059
3334 Thames Valley Road,Site,,TRUE,43.317,-81.44727
Oxford Mill Dam Refurbishment,Site,,TRUE,43.17935,-81.86037
2460 Fenwick Street,Site,,TRUE,45.69216,-76.00886
4092 Ironwood Crescent,Site,,TRUE,45.64152,-75.07309
1261 Highbury Crossing,Site,,TRUE,42.69367,-81.49541
377 Kettle Creek Road,Site,,TRUE,45.45996,-75.74461
3384 Queensway Ridge,Site,,TRUE,42.87517,-79.77457
960 Humberline Court,Site,,TRUE,43.63621,-78.752
413 Stonebridge Court,Site,,TRUE,45.71995,-75.42586
3120 Lawrence Heights Road,Site,,TRUE,43.32266,-79.46009
1605 Ironwood Crescent,Site,,TRUE,44.93737,-75.61429
4769 Ironwood Crescent,Site,,TRUE,45.19349,-75.58834
3641 Fanshawe Ridge,Site,,TRUE,43.68107,-81.07626
968 Queensway Ridge,Site,,TRUE,43.51647,-79.32322
3212 Portal Avenue,Site,,TRUE,46.56679,-81.71249
1314 Willowdale Crescent,Site,,TRUE,43.71796,-79.55691
3466 Copperhead Road,Site,,TRUE,45.31595,-75.21702
4373 Lakeshore Viaduct Road,Site,,TRUE,44.01617,-79.28923
3428 Lawrence Heights Road,Site,,TRUE,44.25903,-79.88015
3167 Boreal Pit Road,Site,,TRUE,46.44714,-81.52722
2722 Greyrock Mine Road,Site,,TRUE,46.29905,-80.85604
4718 Frood Extension Road,Site,,TRUE,46.27063,-80.79066
1371 Grist Mill Lane,Site,,TRUE,45.47423,-74.95357
1665 Eastgate Boulevard,Site,,TRUE,43.43355,-79.3389
3565 Conestoga Parkway Extension,Site,,TRUE,42.37456,-81.32
4841 Copperhead Road,Site,,TRUE,45.42657,-75.05391
4417 Kettle Creek Road,Site,,TRUE,45.14568,-75.57013
2160 Lily Creek Drive,Site,,TRUE,47.21547,-80.92002
727 Nickel Belt Road,Site,,TRUE,46.74735,-80.84569
1907 Tailings Access Road,Site,,TRUE,46.26112,-81.52987
2981 Greyrock Mine Road,Site,,TRUE,46.40859,-81.08269
2098 Willowdale Crescent,Site,,TRUE,43.3137,-80.38853
2451 Wellington Bypass,Site,,TRUE,43.11129,-81.1387
2538 Frood Extension Road,Site,,TRUE,46.15864,-80.99729
4822 Silverbirch Parkway,Site,,TRUE,45.61564,-76.12756
Highbury Grade Separation,Site,,TRUE,43.01998,-80.84099
4810 Thames Valley Road,Site,,TRUE,43.04931,-80.29373
581 Willowdale Crescent,Site,,TRUE,43.74736,-79.39848
2749 Larkspur Way,Site,,TRUE,45.68355,-75.24913
2627 Pinery Road,Site,,TRUE,43.23254,-81.72684
1357 Danforth Ridge Road,Site,,TRUE,43.11362,-79.00169
1039 Queensway Ridge,Site,,TRUE,43.46939,-79.24703
1756 Humberline Court,Site,,TRUE,43.80295,-79.25248
1777 Wexford Drive,Site,,TRUE,43.15009,-79.63916
203 Old Quarry Road,Site,,TRUE,45.52143,-75.59781
4230 Sheridan Mews,Site,,TRUE,43.88179,-79.27534
985 Danforth Ridge Road,Site,,TRUE,43.80467,-79.68164
2770 Frood Extension Road,Site,,TRUE,46.73032,-81.70627
282 Oxford Mill Lane,Site,,TRUE,42.74499,-80.49222
3003 Willowdale Crescent,Site,,TRUE,43.57954,-79.52965
4676 Lily Creek Drive,Site,,TRUE,46.47515,-80.83426
343 Fenwick Street,Site,,TRUE,45.22499,-75.60449
1963 Birchmount Terrace,Site,,TRUE,43.69246,-78.73649
1181 Ironwood Crescent,Site,,TRUE,45.27706,-75.51088
2169 Long Lake Ridge,Site,,TRUE,46.43171,-81.20273
Lily Creek Culvert Replacement,Site,,TRUE,46.20073,-81.37427
164 Queensway Ridge,Site,,TRUE,43.75714,-79.47153
1030 Harrow Gate Drive,Site,,TRUE,45.3353,-75.3218
1682 Silverbirch Parkway,Site,,TRUE,45.44555,-75.26664
2458 Greyrock Mine Road,Site,,TRUE,46.01038,-81.2433
2653 Fanshawe Ridge,Site,,TRUE,43.12502,-81.16059
3793 Ashgrove Terrace,Site,,TRUE,45.6415,-75.95785
16 Shaft Road,Site,,TRUE,46.56938,-81.32496
322 Copperhead Road,Site,,TRUE,45.75081,-76.19294
2738 Boreal Pit Road,Site,,TRUE,46.27875,-81.56522
480 Oxford Mill Lane,Site,,TRUE,42.5561,-81.33256
1695 Nickel Belt Road,Site,,TRUE,46.67484,-81.43997
3558 Birchmount Terrace,Site,,TRUE,43.92559,-80.08997
1603 Grist Mill Lane,Site,,TRUE,45.71572,-75.20007
1247 Harbourview Lane,Site,,TRUE,43.88658,-78.90785
2844 Lawrence Heights Road,Site,,TRUE,43.89329,-79.84572
1481 Eastgate Boulevard,Site,,TRUE,43.58689,-79.12842
2557 Copperhead Road,Site,,TRUE,45.41331,-74.99741
4032 Wexford Drive,Site,,TRUE,43.53701,-79.34283
3560 Harbourview Lane,Site,,TRUE,43.54917,-79.61166
1925 Copperhead Road,Site,,TRUE,45.26977,-75.57441
201 Humberline Court,Site,,TRUE,43.35556,-78.98304
1447 Sheridan Mews,Site,,TRUE,43.3597,-79.32152
1302 Shaft Road,Site,,TRUE,46.77911,-81.34567
4599 Bluewater Road,Site,,TRUE,43.14504,-81.037
4476 Frood Extension Road,Site,,TRUE,46.6095,-81.93448
2996 Bluewater Road,Site,,TRUE,43.31643,-80.82307
1394 Ironwood Crescent,Site,,TRUE,45.62499,-75.75577
3135 Queensway Ridge,Site,,TRUE,43.63808,-79.39399
3084 Bellamy Ridge Road,Site,,TRUE,44.9612,-75.68239
3316 Nickel Belt Road,Site,,TRUE,46.10815,-81.53342
863 Frood Extension Road,Site,,TRUE,46.45038,-81.09649
3500 Lawrence Heights Road,Site,,TRUE,43.83254,-79.69441
2475 Danforth Ridge Road,Site,,TRUE,44.0551,-79.50429
2044 Larkspur Way,Site,,TRUE,45.10413,-75.79789
1370 Humberline Court,Site,,TRUE,43.79895,-79.4423
4377 Silverbirch Parkway,Site,,TRUE,45.35879,-75.89604
4849 Silverbirch Parkway,Site,,TRUE,45.41455,-76.25218
458 Stonebridge Court,Site,,TRUE,45.56194,-75.65457
3343 Shaft Road,Site,,TRUE,46.39828,-81.09712
1019 Oxford Mill Lane,Site,,TRUE,43.18657,-80.99218
2269 Wexford Drive,Site,,TRUE,43.95906,-79.8882
4054 Larkspur Way,Site,,TRUE,45.37389,-75.88402
636 Ironwood Crescent,Site,,TRUE,45.71572,-75.9714
2130 Ironwood Crescent,Site,,TRUE,45.54554,-75.58919
3487 Birchmount Terrace,Site,,TRUE,43.80055,-79.37457
2101 Tamarack Line,Site,,TRUE,45.72917,-75.46104
1847 Harrow Gate Drive,Site,,TRUE,45.4868,-76.0921
3509 Conestoga Parkway Extension,Site,,TRUE,42.9176,-80.36779
3433 Highbury Crossing,Site,,TRUE,42.78445,-81.05227
4300 Queensway Ridge,Site,,TRUE,43.3365,-78.88244
3626 Wexford Drive,Site,,TRUE,43.37285,-79.69183
419 Bellamy Ridge Road,Site,,TRUE,45.57202,-75.30599
2423 Frood Extension Road,Site,,TRUE,46.13678,-81.22786
4880 Fenwick Street,Site,,TRUE,45.30872,-75.038
2507 Eastgate Boulevard,Site,,TRUE,43.87585,-79.3421
439 Bluewater Road,Site,,TRUE,43.17719,-81.92358
1631 Wexford Drive,Site,,TRUE,43.59451,-78.75891
3970 Greyrock Mine Road,Site,,TRUE,46.3343,-80.85969
4830 Tamarack Line,Site,,TRUE,45.19404,-75.97767
2679 Wexford Drive,Site,,TRUE,43.50983,-78.77838
4689 Eastgate Boulevard,Site,,TRUE,43.75783,-79.4558
4495 Silverbirch Parkway,Site,,TRUE,45.38678,-75.31936
2772 Larkspur Way,Site,,TRUE,45.51611,-75.92934
4086 Old Quarry Road,Site,,TRUE,45.25219,-76.12795
1331 Conestoga Parkway Extension,Site,,TRUE,43.39503,-80.36082
4291 Shaft Road,Site,,TRUE,46.26756,-80.94806
1338 Danforth Ridge Road,Site,,TRUE,43.79534,-79.29989
914 Ashgrove Terrace,Site,,TRUE,45.16666,-75.69749
729 Danforth Ridge Road,Site,,TRUE,43.75664,-79.51298
4317 Queensway Ridge,Site,,TRUE,42.96615,-79.32972
1076 Conestoga Parkway Extension,Site,,TRUE,43.43556,-81.66557
3706 Long Lake Ridge,Site,,TRUE,46.44952,-81.24263
4097 Old Quarry Road,Site,,TRUE,45.13637,-76.05508
1080 Ironwood Crescent,Site,,TRUE,45.84029,-75.92898
3630 Tamarack Line,Site,,TRUE,45.49632,-75.79536
249 Grand River Line,Site,,TRUE,42.75369,-81.08082
3565 Wexford Drive,Site,,TRUE,43.60158,-79.57535
4591 Queensway Ridge,Site,,TRUE,43.72648,-79.636
1252 Kettle Creek Road,Site,,TRUE,45.60035,-75.60245
1712 Bluewater Road,Site,,TRUE,42.85469,-80.74627
635 Eastgate Boulevard,Site,,TRUE,43.8981,-79.30286
1088 Millrace Avenue,Site,,TRUE,45.07245,-75.71014
2541 Old Quarry Road,Site,,TRUE,45.16724,-75.62506
4775 Stonebridge Court,Site,,TRUE,45.64477,-76.03623
4464 Harbourview Lane,Site,,TRUE,43.80257,-80.03209
2133 Bellamy Ridge Road,Site,,TRUE,45.45759,-75.49959
391 Erie Shore Drive,Site,,TRUE,42.65135,-80.79129
1775 Wexford Drive,Site,,TRUE,43.6174,-79.73947
1245 Harbourview Lane,Site,,TRUE,43.90122,-79.94525
1874 Grist Mill Lane,Site,,TRUE,45.52791,-75.41947
3259 Long Lake Ridge,Site,,TRUE,47.30169,-80.83325
565 Wellington Bypass,Site,,TRUE,43.04241,-80.58695
2703 Harbourview Lane,Site,,TRUE,43.41033,-79.7659
1472 Eastgate Boulevard,Site,,TRUE,43.39274,-80.47962
2894 Ashgrove Terrace,Site,,TRUE,45.27618,-75.56164
695 Portlands Way,Site,,TRUE,43.65573,-79.73867
684 Frood Extension Road,Site,,TRUE,46.86515,-81.28754
1275 Portlands Way,Site,,TRUE,43.63387,-79.62533
3849 Humberline Court,Site,,TRUE,43.16463,-79.24583
2522 Long Lake Ridge,Site,,TRUE,46.48472,-80.55504
1211 Copperhead Road,Site,,TRUE,45.31071,-75.81006
4017 Conestoga Parkway Extension,Site,,TRUE,43.32951,-80.83958
259 Portal Avenue,Site,,TRUE,46.17866,-80.67493
4478 Shaft Road,Site,,TRUE,46.17156,-80.86435
1436 Tailings Access Road,Site,,TRUE,46.63292,-81.00102
4480 Wexford Drive,Site,,TRUE,43.67285,-79.52632
4288 Millrace Avenue,Site,,TRUE,45.70917,-75.27529
1714 Fenwick Street,Site,,TRUE,45.32365,-75.79299
4409 Larkspur Way,Site,,TRUE,45.72672,-75.973
1256 Bluewater Road,Site,,TRUE,43.66747,-80.3386
312 Portal Avenue,Site,,TRUE,46.18183,-81.03712
1329 Conestoga Parkway Extension,Site,,TRUE,42.81652,-80.69428
3258 Portal Avenue,Site,,TRUE,46.60945,-81.57048
4208 Eastgate Boulevard,Site,,TRUE,43.42848,-79.4347
4178 Fanshawe Ridge,Site,,TRUE,43.36962,-80.67589
4492 Willowdale Crescent,Site,,TRUE,43.71999,-79.35107
2175 Grist Mill Lane,Site,,TRUE,45.46075,-75.64089
281 Ashgrove Terrace,Site,,TRUE,45.458,-75.8545
3640 Nickel Belt Road,Site,,TRUE,46.81489,-80.71599
4856 Silverbirch Parkway,Site,,TRUE,45.39575,-76.11143
4750 Nickel Belt Road,Site,,TRUE,46.3277,-80.93517
3748 Highbury Crossing,Site,,TRUE,43.28133,-80.37809
4680 Old Quarry Road,Site,,TRUE,45.09906,-76.02825
4717 Stonebridge Court,Site,,TRUE,45.244,-75.88297
4604 Long Lake Ridge,Site,,TRUE,47.01695,-80.50077
2902 Willowdale Crescent,Site,,TRUE,43.7249,-79.4055
258 Copperhead Road,Site,,TRUE,45.17939,-75.76811
2045 Grand River Line,Site,,TRUE,43.17929,-81.1218
2638 Harbourview Lane,Site,,TRUE,43.64343,-79.05418
4304 Ironwood Crescent,Site,,TRUE,45.5175,-75.3442
4667 Tailings Access Road,Site,,TRUE,46.74075,-80.19587
217 Frood Extension Road,Site,,TRUE,46.47609,-80.92176
4016 Eastgate Boulevard,Site,,TRUE,43.3973,-79.46457
2172 Oxford Mill Lane,Site,,TRUE,43.37793,-80.53616
4110 Lawrence Heights Road,Site,,TRUE,43.49188,-79.24423
3299 Portal Avenue,Site,,TRUE,46.17392,-81.79122
935 Pinery Road,Site,,TRUE,43.43832,-80.51248
89 Tamarack Line,Site,,TRUE,45.67443,-75.17765
4339 Grist Mill Lane,Site,,TRUE,45.59796,-75.31827
167 Conestoga Parkway Extension,Site,,TRUE,43.0717,-80.46352
3753 Oxford Mill Lane,Site,,TRUE,42.70859,-81.29077
1450 Copperhead Road,Site,,TRUE,45.33391,-75.96219
4755 Fenwick Street,Site,,TRUE,45.66214,-75.47604
1833 Portal Avenue,Site,,TRUE,46.64239,-81.57581
1704 Wellington Bypass,Site,,TRUE,43.35058,-80.49856
2396 Shaft Road,Site,,TRUE,46.07795,-80.81156
1920 Larkspur Way,Site,,TRUE,45.50597,-75.71844
3825 Greyrock Mine Road,Site,,TRUE,46.48656,-81.46158
159 Bellamy Ridge Road,Site,,TRUE,45.68816,-76.03889
2944 Ironwood Crescent,Site,,TRUE,45.74924,-75.72093
3493 Fenwick Street,Site,,TRUE,44.77667,-75.35026
2117 Birchmount Terrace,Site,,TRUE,43.7585,-79.23254
1760 Harbourview Lane,Site,,TRUE,43.59301,-79.67574
1102 Kettle Creek Road,Site,,TRUE,45.76513,-75.78761
1758 Old Quarry Road,Site,,TRUE,45.68012,-75.5073
1166 Tailings Access Road,Site,,TRUE,46.31712,-80.8571
4336 Thames Valley Road,Site,,TRUE,43.02067,-80.55357
1068 Millrace Avenue,Site,,TRUE,45.36586,-75.67923
4450 Willowdale Crescent,Site,,TRUE,43.81182,-79.90741
951 Old Quarry Road,Site,,TRUE,45.15775,-75.7329
3041 Wellington Bypass,Site,,TRUE,43.40896,-80.74116
262 Bluewater Road,Site,,TRUE,42.88944,-81.09833
3454 Grand River Line,Site,,TRUE,42.98375,-80.73372
1590 Lily Creek Drive,Site,,TRUE,46.27211,-80.79709
518 Stonebridge Court,Site,,TRUE,44.91092,-75.53367
1724 Shaft Road,Site,,TRUE,46.41446,-80.77717
2405 Harrow Gate Drive,Site,,TRUE,45.05453,-74.97635
1208 Harbourview Lane,Site,,TRUE,43.81023,-79.20655
3635 Grand River Line,Site,,TRUE,43.03093,-81.23262
266 Birchmount Terrace,Site,,TRUE,43.73174,-79.34325
3601 Lakeshore Viaduct Road,Site,,TRUE,44.07902,-78.63547
2659 Kettle Creek Road,Site,,TRUE,45.28747,-76.07703
319 Copperhead Road,Site,,TRUE,45.79456,-75.57454
1030 Ashgrove Terrace,Site,,TRUE,45.61243,-76.09025
1502 Queensway Ridge,Site,,TRUE,43.40803,-79.97612
4141 Ashgrove Terrace,Site,,TRUE,45.21366,-75.58997
4185 Fenwick Street,Site,,TRUE,45.41851,-75.96985
3670 Sheridan Mews,Site,,TRUE,43.13458,-79.08793
4319 Eastgate Boulevard,Site,,TRUE,43.23597,-79.60651
4794 Stonebridge Court,Site,,TRUE,45.74184,-75.60052
4825 Larkspur Way,Site,,TRUE,45.19438,-75.68907
1096 Fanshawe Ridge,Site,,TRUE,43.06702,-81.07269
837 Danforth Ridge Road,Site,,TRUE,43.47362,-79.97421
1063 Bluewater Road,Site,,TRUE,43.14678,-81.23864
3414 Lily Creek Drive,Site,,TRUE,46.63224,-80.93687
4397 Fenwick Street,Site,,TRUE,45.46225,-75.08117
1008 Kelly Lake Line,Site,,TRUE,46.00135,-80.37057
3594 Ironwood Crescent,Site,,TRUE,45.37454,-75.94962
2315 Ironwood Crescent,Site,,TRUE,45.44789,-75.14676
608 Erie Shore Drive,Site,,TRUE,42.9086,-80.62893
1842 Queensway Ridge,Site,,TRUE,43.76268,-79.88211
3268 Kettle Creek Road,Site,,TRUE,45.86972,-76.28672
3128 Humberline Court,Site,,TRUE,43.84511,-79.12188
3584 Kettle Creek Road,Site,,TRUE,45.48484,-75.52943
3428 Danforth Ridge Road,Site,,TRUE,43.95683,-79.48052
3916 Old Quarry Road,Site,,TRUE,45.42225,-76.2741
1849 Ironwood Crescent,Site,,TRUE,45.43474,-76.27479
3755 Thames Valley Road,Site,,TRUE,43.2249,-80.84932
2592 Queensway Ridge,Site,,TRUE,43.84716,-79.43994
1492 Tamarack Line,Site,,TRUE,45.48465,-75.78622
3822 Harrow Gate Drive,Site,,TRUE,45.75157,-75.78128
4472 Erie Shore Drive,Site,,TRUE,43.26296,-81.26277
2156 Harrow Gate Drive,Site,,TRUE,45.51452,-75.65257
4601 Greyrock Mine Road,Site,,TRUE,46.50901,-80.76327
3659 Copperhead Road,Site,,TRUE,45.47364,-75.73075
3774 Stonebridge Court,Site,,TRUE,45.41344,-75.64653
2073 Silverbirch Parkway,Site,,TRUE,45.51653,-75.6333
2651 Portal Avenue,Site,,TRUE,46.12545,-80.65006
509 Harbourview Lane,Site,,TRUE,43.76014,-79.22253
3334 Pinery Road,Site,,TRUE,43.11086,-80.46398
1660 Pinery Road,Site,,TRUE,42.66928,-80.40312
305 Grist Mill Lane,Site,,TRUE,45.55613,-75.82971
1729 Sheridan Mews,Site,,TRUE,43.66741,-79.1892
2898 Oxford Mill Lane,Site,,TRUE,42.68993,-80.96114
3211 Portal Avenue,Site,,TRUE,46.59774,-81.01438
4556 Fanshawe Ridge,Site,,TRUE,42.90019,-80.55979
2830 Wellington Bypass,Site,,TRUE,43.47492,-80.53397
4268 Harrow Gate Drive,Site,,TRUE,45.3043,-75.36436
882 Tailings Access Road,Site,,TRUE,46.67848,-81.74127
4440 Oxford Mill Lane,Site,,TRUE,43.73298,-80.25975
1081 Long Lake Ridge,Site,,TRUE,46.22765,-80.67738
4808 Lily Creek Drive,Site,,TRUE,46.58543,-81.70772
4288 Portal Avenue,Site,,TRUE,46.26915,-80.91108
1329 Ashgrove Terrace,Site,,TRUE,45.53475,-76.07346
1864 Ashgrove Terrace,Site,,TRUE,45.34348,-76.31574
3756 Long Lake Ridge,Site,,TRUE,46.6235,-80.62878
1436 Thames Valley Road,Site,,TRUE,43.6736,-80.10937
2672 Eastgate Boulevard,Site,,TRUE,43.63008,-78.88299
166 Conestoga Parkway Extension,Site,,TRUE,42.98237,-80.41851
4196 Ashgrove Terrace,Site,,TRUE,45.28703,-75.50054
4455 Grand River Line,Site,,TRUE,43.32799,-80.26406
3059 Wellington Bypass,Site,,TRUE,43.30375,-81.21169
2996 Ashgrove Terrace,Site,,TRUE,45.32127,-75.32552
459 Humberline Court,Site,,TRUE,43.80033,-79.23485
3661 Wellington Bypass,Site,,TRUE,43.35064,-81.3001
4197 Pinery Road,Site,,TRUE,43.51884,-80.27646
1536 Danforth Ridge Road,Site,,TRUE,43.38276,-79.21966
4168 Bellamy Ridge Road,Site,,TRUE,45.28046,-76.68624
1706 Oxford Mill Lane,Site,,TRUE,42.89288,-80.37781
4733 Sheridan Mews,Site,,TRUE,43.53267,-79.34024
4199 Frood Extension Road,Site,,TRUE,46.83159,-80.6499
2617 Old Quarry Road,Site,,TRUE,45.48193,-75.35532
2164 Fenwick Street,Site,,TRUE,44.91419,-75.99476
2286 Boreal Pit Road,Site,,TRUE,46.34891,-80.66802
1684 Larkspur Way,Site,,TRUE,45.6881,-75.85044
1246 Old Quarry Road,Site,,TRUE,45.53501,-75.79982
2949 Grist Mill Lane,Site,,TRUE,45.2956,-75.48811
4869 Fanshawe Ridge,Site,,TRUE,42.76501,-81.18035
1240 Harbourview Lane,Site,,TRUE,43.67963,-79.27638
4154 Wellington Bypass,Site,,TRUE,42.89381,-81.16031
4683 Grist Mill Lane,Site,,TRUE,45.50179,-76.17307
251 Willowdale Crescent,Site,,TRUE,43.83079,-78.96714
1910 Wexford Drive,Site,,TRUE,43.66139,-79.01031
3494 Willowdale Crescent,Site,,TRUE,43.62981,-78.82623
68 Bellamy Ridge Road,Site,,TRUE,45.91675,-75.06764
1060 Harrow Gate Drive,Site,,TRUE,45.46827,-75.61207
593 Fanshawe Ridge,Site,,TRUE,42.98261,-80.71178
899 Boreal Pit Road,Site,,TRUE,46.52268,-80.64765
1254 Portal Avenue,Site,,TRUE,46.46625,-81.22189
3022 Danforth Ridge Road,Site,,TRUE,43.68181,-79.19876
2887 Thames Valley Road,Site,,TRUE,43.2609,-80.72069
2197 Boreal Pit Road,Site,,TRUE,46.53768,-80.93043
3051 Conestoga Parkway Extension,Site,,TRUE,43.00794,-81.46675
833 Grand River Line,Site,,TRUE,43.17609,-81.01524
4346 Kettle Creek Road,Site,,TRUE,45.41348,-75.37823
707 Copperhead Road,Site,,TRUE,45.24159,-75.52184
4767 Sheridan Mews,Site,,TRUE,43.68804,-79.98097
3598 Old Quarry Road,Site,,TRUE,45.42497,-75.78775
4152 Portal Avenue,Site,,TRUE,46.77656,-80.81694
4704 Larkspur Way,Site,,TRUE,45.44154,-75.48575
2943 Portlands Way,Site,,TRUE,44.0129,-79.26583
4415 Shaft Road,Site,,TRUE,46.60328,-80.93609
4580 Eastgate Boulevard,Site,,TRUE,43.37837,-80.09465
2285 Portlands Way,Site,,TRUE,43.97557,-79.39314
1365 Portlands Way,Site,,TRUE,43.18055,-79.13329
4784 Lakeshore Viaduct Road,Site,,TRUE,43.86598,-79.16023
2626 Ironwood Crescent,Site,,TRUE,45.05291,-75.69648
2201 Tailings Access Road,Site,,TRUE,46.56129,-81.09767
4496 Kettle Creek Road,Site,,TRUE,45.31781,-75.65484
3664 Tamarack Line,Site,,TRUE,45.47921,-75.84313
3527 Harrow Gate Drive,Site,,TRUE,45.66369,-75.80894
2587 Kettle Creek Road,Site,,TRUE,45.6876,-75.71751
3862 Harbourview Lane,Site,,TRUE,43.72446,-79.44538
3600 Silverbirch Parkway,Site,,TRUE,45.50103,-75.10508
2724 Stonebridge Court,Site,,TRUE,45.21533,-75.63818
1527 Silverbirch Parkway,Site,,TRUE,45.63656,-76.61321
3605 Lily Creek Drive,Site,,TRUE,46.61205,-80.93806
942 Fanshawe Ridge,Site,,TRUE,43.20477,-80.32953
1377 Millrace Avenue,Site,,TRUE,45.39571,-75.93491
1677 Conestoga Parkway Extension,Site,,TRUE,43.03475,-81.01059
2523 Kettle Creek Road,Site,,TRUE,45.59435,-75.60649
3903 Kelly Lake Line,Site,,TRUE,46.47172,-81.18985
3431 Portal Avenue,Site,,TRUE,46.53342,-81.12159
4174 Ironwood Crescent,Site,,TRUE,45.22218,-75.58665
2699 Millrace Avenue,Site,,TRUE,45.73406,-75.83122
682 Oxford Mill Lane,Site,,TRUE,43.30846,-80.97478
990 Humberline Court,Site,,TRUE,43.48815,-80.01067
4235 Boreal Pit Road,Site,,TRUE,46.33351,-81.01931
136 Fanshawe Ridge,Site,,TRUE,43.02979,-81.06623
4121 Boreal Pit Road,Site,,TRUE,46.58836,-81.43532
525 Grand River Line,Site,,TRUE,43.46047,-80.97794
2787 Oxford Mill Lane,Site,,TRUE,43.23406,-80.59851
1007 Greyrock Mine Road,Site,,TRUE,46.64099,-80.63551
2079 Ashgrove Terrace,Site,,TRUE,45.28807,-76.11523
4019 Silverbirch Parkway,Site,,TRUE,44.97425,-76.06104
3415 Bluewater Road,Site,,TRUE,42.96913,-80.91192
172 Greyrock Mine Road,Site,,TRUE,45.95008,-80.61714
2307 Stonebridge Court,Site,,TRUE,45.71547,-76.24489
699 Erie Shore Drive,Site,,TRUE,42.86594,-80.68086
2828 Ironwood Crescent,Site,,TRUE,45.432,-75.93196
2788 Portal Avenue,Site,,TRUE,46.7517,-80.5935
1067 Portlands Way,Site,,TRUE,43.69947,-79.39819
279 Wexford Drive,Site,,TRUE,43.51054,-78.62506
2064 Old Quarry Road,Site,,TRUE,45.27543,-75.41107
3904 Ironwood Crescent,Site,,TRUE,45.27026,-75.61009
1970 Highbury Crossing,Site,,TRUE,42.922,-81.36529
2200 Erie Shore Drive,Site,,TRUE,43.41871,-80.84369
3228 Stonebridge Court,Site,,TRUE,45.70534,-75.86275
1577 Silverbirch Parkway,Site,,TRUE,44.96098,-74.97376
497 Humberline Court,Site,,TRUE,43.54955,-79.3696
2919 Highbury Crossing,Site,,TRUE,43.04428,-80.94764
1162 Pinery Road,Site,,TRUE,43.00328,-81.09333
2209 Shaft Road,Site,,TRUE,46.39386,-80.80947
2239 Greyrock Mine Road,Site,,TRUE,46.64251,-81.09492
369 Kettle Creek Road,Site,,TRUE,45.38394,-75.12092
1029 Millrace Avenue,Site,,TRUE,44.96317,-75.92795
141 Tamarack Line,Site,,TRUE,45.13205,-76.06249
1053 Birchmount Terrace,Site,,TRUE,43.73256,-79.28832
3296 Bellamy Ridge Road,Site,,TRUE,45.21334,-76.30534
3256 Shaft Road,Site,,TRUE,45.88486,-80.90007
1811 Greyrock Mine Road,Site,,TRUE,46.67878,-81.23697
3377 Lawrence Heights Road,Site,,TRUE,43.71212,-79.23881
268 Kelly Lake Line,Site,,TRUE,46.45196,-81.3141
3052 Larkspur Way,Site,,TRUE,45.23478,-75.55409
2064 Millrace Avenue,Site,,TRUE,45.18367,-76.56939
4676 Thames Valley Road,Site,,TRUE,43.34393,-80.41903
1360 Highbury Crossing,Site,,TRUE,43.56235,-81.23455
2694 Queensway Ridge,Site,,TRUE,43.3608,-79.43496
2446 Wexford Drive,Site,,TRUE,43.6658,-79.1197
4804 Danforth Ridge Road,Site,,TRUE,44.04545,-79.23734
4005 Portlands Way,Site,,TRUE,43.76849,-79.1218
1460 Copperhead Road,Site,,TRUE,44.99642,-75.9871
89 Ashgrove Terrace,Site,,TRUE,45.64246,-76.65954
2247 Copperhead Road,Site,,TRUE,45.73328,-75.34546
652 Portlands Way,Site,,TRUE,43.67036,-79.23829
4209 Conestoga Parkway Extension,Site,,TRUE,42.58624,-81.35173
1477 Grist Mill Lane,Site,,TRUE,45.57153,-75.22905
4266 Greyrock Mine Road,Site,,TRUE,46.51587,-81.17196
1767 Conestoga Parkway Extension,Site,,TRUE,42.72367,-81.17534
45 Shaft Road,Site,,TRUE,46.5953,-81.41723
1153 Lily Creek Drive,Site,,TRUE,46.70985,-81.34957
1827 Grist Mill Lane,Site,,TRUE,45.42544,-75.67842
3149 Highbury Crossing,Site,,TRUE,43.02109,-80.48661
2605 Greyrock Mine Road,Site,,TRUE,46.62206,-80.50607
2367 Queensway Ridge,Site,,TRUE,43.44411,-79.30092
2893 Bluewater Road,Site,,TRUE,43.45949,-80.32213
617 Frood Extension Road,Site,,TRUE,46.73865,-80.9116
2110 Grist Mill Lane,Site,,TRUE,45.36156,-76.43934
1143 Grist Mill Lane,Site,,TRUE,45.44563,-76.03793
2075 Bluewater Road,Site,,TRUE,42.91132,-81.93358
2928 Grand River Line,Site,,TRUE,43.15202,-80.61212
3189 Lakeshore Viaduct Road,Site,,TRUE,43.48488,-79.81272
2915 Thames Valley Road,Site,,TRUE,43.14676,-80.74195
1441 Kelly Lake Line,Site,,TRUE,46.44856,-81.20396
2006 Boreal Pit Road,Site,,TRUE,46.42753,-81.41023
487 Stonebridge Court,Site,,TRUE,45.36447,-75.30597
54 Humberline Court,Site,,TRUE,43.24031,-79.58004
4240 Oxford Mill Lane,Site,,TRUE,43.28452,-79.97268
1073 Frood Extension Road,Site,,TRUE,46.44981,-80.57037
2538 Portal Avenue,Site,,TRUE,46.58144,-80.2192
3221 Portal Avenue,Site,,TRUE,46.43203,-80.96578
2412 Kelly Lake Line,Site,,TRUE,46.71988,-81.29146
4293 Copperhead Road,Site,,TRUE,45.44253,-75.7117
1109 Queensway Ridge,Site,,TRUE,43.33194,-79.24852
853 Silverbirch Parkway,Site,,TRUE,45.3751,-75.49282
3156 Ashgrove Terrace,Site,,TRUE,45.22562,-76.09531
2656 Frood Extension Road,Site,,TRUE,46.70961,-81.35039
3890 Humberline Court,Site,,TRUE,43.76298,-79.65233
846 Millrace Avenue,Site,,TRUE,45.40392,-75.96273
4445 Tailings Access Road,Site,,TRUE,46.63765,-80.69144
3405 Ironwood Crescent,Site,,TRUE,44.92217,-76.12819
3818 Tailings Access Road,Site,,TRUE,46.56812,-81.11182
1515 Ashgrove Terrace,Site,,TRUE,45.21162,-75.12429
3769 Harbourview Lane,Site,,TRUE,43.74095,-79.38269
2398 Nickel Belt Road,Site,,TRUE,46.64075,-80.93735
3566 Old Quarry Road,Site,,TRUE,45.11482,-75.94379
3287 Conestoga Parkway Extension,Site,,TRUE,42.93026,-81.56208
1023 Thames Valley Road,Site,,TRUE,43.15981,-81.35712
3712 Bluewater Road,Site,,TRUE,43.33948,-80.46424
2088 Fenwick Street,Site,,TRUE,44.80129,-75.58741
3498 Bellamy Ridge Road,Site,,TRUE,45.85474,-75.87696
3901 Bellamy Ridge Road,Site,,TRUE,45.56518,-75.50843
152 Grist Mill Lane,Site,,TRUE,45.46958,-75.73986
2287 Lakeshore Viaduct Road,Site,,TRUE,44.08152,-79.00257
3995 Ashgrove Terrace,Site,,TRUE,45.9104,-75.92763
1819 Larkspur Way,Site,,TRUE,45.73477,-75.87635
2294 Ashgrove Terrace,Site,,TRUE,45.63366,-76.17792
1796 Erie Shore Drive,Site,,TRUE,43.35567,-80.7669
3839 Kelly Lake Line,Site,,TRUE,46.18563,-81.1629
2218 Harbourview Lane,Site,,TRUE,43.44882,-79.84519
1434 Harbourview Lane,Site,,TRUE,43.87256,-79.38409
2247 Lawrence Heights Road,Site,,TRUE,43.60032,-78.97812
1086 Kettle Creek Road,Site,,TRUE,45.48371,-76.38808
3744 Willowdale Crescent,Site,,TRUE,43.75436,-78.80054
342 Nickel Belt Road,Site,,TRUE,46.64161,-81.1705
4371 Grand River Line,Site,,TRUE,43.50091,-81.73781
2094 Pinery Road,Site,,TRUE,43.24645,-81.63288
894 Grist Mill Lane,Site,,TRUE,45.57919,-75.69507
4201 Grand River Line,Site,,TRUE,43.59874,-81.2185
717 Humberline Court,Site,,TRUE,43.74145,-79.06726
2563 Ashgrove Terrace,Site,,TRUE,45.49535,-75.56636
895 Ashgrove Terrace,Site,,TRUE,44.88685,-75.56513
4251 Lawrence Heights Road,Site,,TRUE,43.57937,-79.06975
3569 Nickel Belt Road,Site,,TRUE,46.37735,-81.52258
1734 Kelly Lake Line,Site,,TRUE,46.24368,-81.39613
4553 Long Lake Ridge,Site,,TRUE,46.70435,-80.89387
1589 Oxford Mill Lane,Site,,TRUE,42.79418,-82.0812
644 Conestoga Parkway Extension,Site,,TRUE,43.03737,-80.88384
1804 Harbourview Lane,Site,,TRUE,43.1274,-79.71054
4652 Shaft Road,Site,,TRUE,46.65992,-81.00531
4279 Erie Shore Drive,Site,,TRUE,43.35203,-80.22612
1382 Oxford Mill Lane,Site,,TRUE,42.73614,-81.41589
4384 Wexford Drive,Site,,TRUE,43.59106,-79.67552
1901 Nickel Belt Road,Site,,TRUE,46.52929,-80.73678
2613 Fenwick Street,Site,,TRUE,45.65345,-75.73466
