source_row,serial,model_station,calibration_date,next_cal_date,certificate,cost
2,BE18794,Minimate Plus,2025-07-04,2026-07-04,,
3,BE14187,Minimate,2025-07-22,2026-07-22,,
4,BE11209,Minimate,2025-06-16,2026-06-16,,
5,BE21045,Minimate,2025-05-14,2026-05-14,,
6,BE20280,Minimate,2025-05-14,2026-05-14,,
7,UM18425,Micromate,2025-05-30,2026-05-30,,
8,UM21927,Micromate,2025-05-16,2026-05-16,,
9,UM18392,Micromate,2025-05-22,2026-05-22,,
10,UM21931,Micromate,2025-05-30,2026-05-30,,
11,UM16960,Micromate,2025-05-17,2026-05-17,,
12,UM15392,Micromate,2025-05-09,2026-05-09,,
13,UM16818,Micromate,2025-06-06,2026-06-06,,
14,UM16598,Micromate,2025-05-25,2026-05-25,,
15,UM12572,Micromate,2025-04-11,2026-04-11,,
16,UM11555,Micromate,2025-05-06,2026-05-06,,
17,UM12108,Micromate,2025-08-15,2026-08-15,,
18,UM21925,Micromate,2025-07-16,2026-07-16,,
19,UM18473,Micromate,2025-03-10,2026-03-10,,
20,UM21929,Micromate,2025-05-16,2026-05-16,,
21,UM17270,Micromate,2025-04-15,2026-04-15,,
22,UM17281,Micromate,2025-09-08,2026-09-08,,
23,UM18390,Micromate,2025-08-28,2026-08-28,,
24,UM21933,Micromate,2025-05-29,2026-05-29,,
25,UM17198,Micromate,2025-08-13,2026-08-13,,
26,UM17269,Micromate,2025-04-22,2026-04-22,,
27,BE17158,Minimate,2025-08-07,2026-08-07,,
28,BE20237,Minimate,2025-08-07,2026-08-07,,
29,BE18852,Minimate,2025-08-19,2026-08-19,,
30,UM12100,Micromate,2025-04-04,2026-04-04,,
31,UM17263,Micromate,2025-03-10,2026-03-10,,
32,UM16815,Micromate,2025-04-07,2026-04-07,,
33,UM17176,Micromate,2025-03-07,2026-03-07,,
34,UM15403,Micromate,2025-06-11,2026-06-11,,
35,UM17314,Micromate,2025-05-29,2026-05-29,,
36,UM15720,Micromate,2025-03-07,2026-03-07,,
37,UM21932,Micromate,2025-03-20,2026-03-20,,
38,UM17179,Micromate,2025-05-30,2026-05-30,,
39,108854,D10 Micro,N/A,#VALUE!,,
40,13657,S50,,1900-12-31,,
41,33100,V12,,1900-12-31,,
42,107245,D10,N/A,#VALUE!,,
43,13656,S50,,1900-12-31,,
44,35590,V12,,1900-12-31,,
45,106943,D10,N/A,#VALUE!,,
46,14489,S50,,1900-12-31,,
47,33140,V12,,1900-12-31,,
48,107246,D10,N/A,#VALUE!,,
49,13595,S50,,1900-12-31,,
50,33230,V12,,1900-12-31,,
51,109420,D10,N/A,#VALUE!,,
52,13863,S50,,1900-12-31,,
53,33630,V12,,1900-12-31,,
54,109426,D10,N/A,#VALUE!,,
55,14567,S50,,1900-12-31,,
56,107500,D10,N/A,#VALUE!,,
57,30240,V12,,1900-12-31,,
58,109424,D10,N/A,#VALUE!,,
59,14586,S50,,1900-12-31,,
60,32630,V12,,1900-12-31,,
61,109245,D10,N/A,#VALUE!,,
62,14587,S50,,1900-12-31,,
63,34750,V12,,1900-12-31,,
64,109425,D10,N/A,#VALUE!,,
65,13778,S50,,1900-12-31,,
66,107270,D10,N/A,#VALUE!,,
67,13593,S50,,1900-12-31,,
68,32980,V12,,1900-12-31,,
69,109418,D10,N/A,#VALUE!,,
70,14574,S50,,1900-12-31,,
71,32620,V12,,1900-12-31,,
72,107243,D10,N/A,#VALUE!,,
73,14485,S50,,1900-12-31,,
74,35360,V12,,1900-12-31,,
75,106932,D10,N/A,#VALUE!,,
76,13658,S50,,1900-12-31,,
77,32350,V12,,1900-12-31,,
78,106930,D10,N/A,#VALUE!,,
79,13596,S50,,1900-12-31,,
80,35060,V12,,1900-12-31,,
81,109252,D10,N/A,#VALUE!,,
82,14658,S50,,1900-12-31,,
83,34690,V12,,1900-12-31,,
84,112607,D10,N/A,#VALUE!,,
85,13599,S50,,1900-12-31,,
86,109251,D10,N/A,#VALUE!,,
87,13648,S50,,1900-12-31,,
88,33640,V12,,1900-12-31,,
89,109248,D10,N/A,#VALUE!,,
90,14488,S50,,1900-12-31,,
91,35640,V12,,1900-12-31,,
92,106948,D10,N/A,#VALUE!,,
93,12703,S50,,1900-12-31,,
94,32420,V12,,1900-12-31,,
95,107411,C22,,1900-12-31,,
96,106944,D10,N/A,#VALUE!,,
97,14614,S50,,1900-12-31,,
98,107247,D10,N/A,#VALUE!,,
99,14603,S50,,1900-12-31,,
100,106942,D10,N/A,#VALUE!,,
101,33290,V12,,1900-12-31,,
102,UM17049,Micromate,2026-03-17,2027-03-17,,
103,UM21945,Micromate,2025-06-17,2026-06-17,,
104,UA10899,SLM,2024-12-11,2025-12-11,,
105,UM17273,Micromate,2026-04-30,2027-04-30,,
106,UA10602,SLM,2025-07-08,2026-07-08,,
107,UM7134,Micromate,2025-04-02,2026-04-02,,
108,UA10456,SLM,2025-04-01,2026-04-01,,
109,UM12574,Micromate,2025-05-27,2026-05-27,,
110,UM15396,Micromate,2024-10-07,2025-10-07,,
111,UA10601,SLM,2024-05-17,2025-05-17,,
112,UM17278,Micromate,2025-05-27,2026-05-27,,
113,UM17266,Micromate,2025-03-29,2026-03-29,,
114,UM16984,Micromate,2025-03-29,2026-03-29,,
115,UM8293,Micromate,2025-03-29,2026-03-29,,
116,UM15390,Micromate,2024-08-14,2025-08-14,,
117,UM18423,Micromate,2025-03-29,2026-03-29,,
118,UM17268,Micromate,2025-03-29,2026-03-29,,
119,UA10608,SLM,2025-04-28,2026-04-28,,
120,UM16920,Micromate,2025-08-05,2026-08-05,,
121,UA10445,SLM,2026-03-23,2027-03-23,,
122,UM18235,Micromate,2025-08-28,2026-08-28,,
123,UA10658,SLM,2026-03-23,2027-03-23,,
124,UM15713,Micromate,2025-03-29,2026-03-29,,
125,UA10775,SLM,2025-05-09,2026-05-09,,
126,UM16842,Micromate,2025-04-11,2026-04-11,,
127,UA10605,SLM,2025-05-27,2026-05-27,,
128,BE18797,Minimate,2025-06-17,2026-06-17,,
129,UM13816,Micromate,2025-07-08,2026-07-08,,
130,BE20916,Minimate,2025-03-29,2026-03-29,,
131,BE19059,Minimate,2025-03-29,2026-03-29,,
132,UM12105,Micromate,2025-03-29,2026-03-29,,
133,UM20781,Micromate,2025-08-28,2026-08-28,,
134,UM20931,Micromate,2025-08-28,2026-08-28,,
135,UM15390,Micromate,2025-08-28,2026-08-28,,
136,UM18271,Micromate,2024-06-27,2025-06-27,,
137,UM21926,Micromate,2025-05-27,2026-05-27,,
138,UM15389,Micromate,2025-08-18,2026-08-18,,
139,UM18234,Micromate,2026-03-17,2027-03-17,,
140,UM20908,Micromate,2026-03-17,2027-03-17,,
141,UM17259,Micromate,2026-03-17,2027-03-17,,
142,UM18471,Micromate,2025-03-29,2026-03-29,,
143,108052,D10 Micro,N/A,#VALUE!,,
144,32960,V12,2025-08-29,2026-08-29,,
145,14026,S50,2025-10-10,2026-10-10,,
146,UA10694,SLM,2025-05-27,2026-05-27,,
147,UM17284,Micromate,2025-05-27,2026-05-27,,
148,UA10607,SLM,2025-05-27,2026-05-27,,
149,109564,D10 Micro,N/A,#VALUE!,,
150,14419,S50,2025-05-14,2026-05-14,,
151,106788,D10 Micro,N/A,#VALUE!,,
152,13768,S50,2025-10-16,2026-10-16,,
153,108859,D10 Micro,N/A,#VALUE!,,
154,14579,S50,2025-05-14,2026-05-14,,
155,BE20745,Minimate,2025-06-17,2026-06-17,,
156,BE20717,Minimate,2025-06-18,2026-06-18,,
157,BE13168,Minimate,2025-07-07,2026-07-07,,
158,BE20600,Minimate,2025-07-04,2026-07-04,,
159,BE20273,Minimate,2025-07-07,2026-07-07,,
160,UM16982,Micromate,2026-03-17,2027-03-17,,
161,108404,C22,2025-07-11,2026-07-11,,
162,108201,D10 Micro,N/A,#VALUE!,,
163,35920,V12,2026-03-30,2027-03-30,,
164,14605,S50,2026-03-30,2027-03-30,,
165,109561,D10 Micro,N/A,#VALUE!,,
166,35080,V12,2026-05-21,2027-05-21,,
167,14568,S50,2025-10-10,2026-10-10,,
168,108194,D10 Micro,N/A,#VALUE!,,
169,35910,V12,2025-08-20,2026-08-20,,
170,14599,S50,2026-04-20,2027-04-20,,
171,109027,C22,2025-05-30,2026-05-30,,
172,108857,D10 Micro,N/A,#VALUE!,,
173,32950,V12,2025-10-07,2026-10-07,,
174,13763,S50,2026-04-02,2027-04-02,,
175,106796,D10 Micro,N/A,#VALUE!,,
176,35240,V12,2026-05-21,2027-05-21,,
177,13769,S50,2025-08-28,2026-08-28,,
178,106791,D10 Micro,N/A,#VALUE!,,
179,33280,V12,2026-03-10,2027-03-10,,
180,14486,S50,2026-03-10,2027-03-10,,
181,106795,D10 Micro,N/A,#VALUE!,,
182,32670,V12,2026-03-10,2027-03-10,,
183,14585,S50,2025-08-28,2026-08-28,,
184,119235,C22,2026-04-13,2027-04-13,,
185,109077,C22,2026-03-03,2027-03-03,,
186,109559,D10 Micro,N/A,#VALUE!,,
187,30220,V12,2024-08-06,2025-08-06,,
188,107428,C22,2025-06-27,2026-06-27,,
189,109246,D10 Black Case,N/A,#VALUE!,,
190,34760,V12,2026-04-07,2027-04-07,,
191,14584,S50,2025-08-28,2026-08-28,,
192,108856,D10 Micro,N/A,#VALUE!,,
193,32710,V12,2026-04-07,2027-04-07,,
194,14829,S50,2026-04-02,2027-04-02,,
195,107860,D10 Micro,N/A,#VALUE!,,
196,35250,V12,2025-06-27,2026-06-27,,
197,13589,S50,2025-08-19,2026-08-19,,
198,112604,D10 Black Case,N/A,#VALUE!,,
199,35680,V12,2026-04-07,2027-04-07,,
200,13844,S50,2026-04-02,2027-04-02,,
201,108840,D10 Micro,N/A,#VALUE!,,
202,35050,V12,2026-04-07,2027-04-07,,
203,14415,S50,2025-10-10,2026-10-10,,
204,UM18236,Micromate,2025-08-28,2026-08-28,,
205,UM21938,Micromate,2024-07-31,2025-07-31,,
206,106794,D10 Micro,N/A,#VALUE!,,
207,33040,V12,2025-06-27,2026-06-27,,
208,106793,D10 Micro,N/A,#VALUE!,,
209,35740,V12,2025-08-12,2026-08-12,,
210,13859,S50,2025-08-11,2026-08-11,,
211,118929,C50,2025-10-27,2026-10-27,,
212,110483,C22,2025-06-26,2026-06-26,,
213,117227,C22,2026-02-26,2027-02-26,,
214,117797,C50,2025-12-01,2026-12-01,,
215,108774,C22,2026-03-30,2027-03-30,,
216,108770,C22,2025-05-30,2026-05-30,,
217,108771,C22,2026-03-03,2027-03-03,,
218,118985,C50,2025-11-20,2026-11-20,,
219,119233,C22,2025-04-11,2026-04-11,,
220,108788,C22,2025-07-11,2026-07-11,,
221,118987,C50,2025-10-09,2026-10-09,,
222,119234,C22,2025-04-11,2026-04-11,,
223,108775,C22,2026-05-20,2027-05-20,,
224,117794,C50,2025-11-27,2026-11-27,,
225,109024,C22,2026-05-25,2027-05-25,,
226,119236,C22,2026-04-13,2027-04-13,,
227,109496,C22,2026-05-20,2027-05-20,,
228,110372,C22,2025-07-11,2026-07-11,,
229,N/A,C50,N/A,#VALUE!,,
230,108777,C22,2026-04-13,2027-04-13,,
231,118930,C50,2026-01-19,2027-01-19,,
232,110370,C22,2026-03-03,2027-03-03,,
233,118932,C50,2026-01-20,2027-01-20,,
234,107436,C22,2025-08-14,2026-08-14,,
235,118931,C50,2026-01-19,2027-01-19,,
236,108786,C22,2025-07-11,2026-07-11,,
237,106790,D10 Micro,N/A,#VALUE!,,
238,13759,S50,2025-03-25,2026-03-25,,
239,33660,V12,2025-03-26,2026-03-26,,
240,14257,S50,2025-03-25,2026-03-25,,
241,13654,S50,2025-08-27,2026-08-27,,
242,108049,D10 Micro,N/A,#VALUE!,,
243,32940,V12,2025-08-12,2026-08-12,,
244,107861,D10 Micro,N/A,#VALUE!,,
245,33620,V12,2025-08-12,2026-08-12,,
246,13777,S50,2026-02-25,2027-02-25,,
247,106792,D10 Micro,N/A,#VALUE!,,
248,35780,V12,2026-05-20,2027-05-20,,
249,14604,S50,2026-05-20,2027-05-20,,
250,109029,C22,2026-04-21,2027-04-21,,
251,108787,C22,2026-04-28,2027-04-28,,
252,110482,C22,2026-05-19,2027-05-19,,
253,107429,C22,2025-09-12,2026-09-12,,
254,109028,C22,2026-04-13,2027-04-13,,
