Asset ID,Model / Station,Calibration Date,Next Cal. Date,Certificate,Serial (unlabelled col)
,Minimate Plus,2025-07-04,2026-07-04,,
,Minimate ,2025-07-22,2026-07-22,,
,Minimate ,2025-06-16,2026-06-16,,
,Minimate ,2025-05-14,2026-05-14,,
,Minimate ,2025-05-14,2026-05-14,,
,Micromate,2025-05-30,2026-05-30,,
,Micromate,2025-05-16,2026-05-16,,
,Micromate,2025-05-22,2026-05-22,,
,Micromate,2025-05-30,2026-05-30,,
,Micromate,2025-05-17,2026-05-17,,
,Micromate,2025-05-09,2026-05-09,,
,Micromate,2025-06-06,2026-06-06,,
,Micromate,2025-05-25,2026-05-25,,
,Micromate,2025-04-11,2026-04-11,,
,Micromate,2025-05-06,2026-05-06,,
,Micromate,2025-08-15,2026-08-15,,
,Micromate,2025-07-16,2026-07-16,,
,Micromate,2025-03-10,2026-03-10,,
,Micromate,2025-05-16,2026-05-16,,
,Micromate,2025-04-15,2026-04-15,,
,Micromate,2025-09-08,2026-09-08,,
,Micromate,2025-08-28,2026-08-28,,
,Micromate,2025-05-29,2026-05-29,,
,Micromate,2025-08-13,2026-08-13,,
,Micromate,2025-04-22,2026-04-22,,
,Minimate ,2025-08-07,2026-08-07,,
,Minimate ,2025-08-07,2026-08-07,,
,Minimate ,2025-08-19,2026-08-19,,
,Micromate,2025-04-04,2026-04-04,,
,Micromate,2025-03-10,2026-03-10,,
,Micromate,2025-04-07,2026-04-07,,
,Micromate,2025-03-07,2026-03-07,,
,Micromate,2025-06-11,2026-06-11,,
,Micromate,2025-05-29,2026-05-29,,
,Micromate,2025-03-07,2026-03-07,,
,Micromate,2025-03-20,2026-03-20,,
,Micromate,2025-05-30,2026-05-30,,
,D10 Micro,,,,
,S50,,1900-12-31,,
,V12,,1900-12-31,,
,D10,,,,
,S50,,1900-12-31,,
,V12,,1900-12-31,,
,D10,,,,
,S50,,1900-12-31,,
,V12,,1900-12-31,,
,D10,,,,
,S50,,1900-12-31,,
,V12,,1900-12-31,,
,D10,,,,
,S50,,1900-12-31,,
,V12,,1900-12-31,,
,D10,,,,
,S50,,1900-12-31,,
,D10,,,,
,V12,,1900-12-31,,
,D10,,,,
,S50,,1900-12-31,,
,V12,,1900-12-31,,
,D10,,,,
,S50,,1900-12-31,,
,V12,,1900-12-31,,
,D10,,,,
,S50,,1900-12-31,,
,D10,,,,
,S50,,1900-12-31,,
,V12,,1900-12-31,,
,D10,,,,
,S50,,1900-12-31,,
,V12,,1900-12-31,,
,D10,,,,
,S50,,1900-12-31,,
,V12,,1900-12-31,,
,D10,,,,
,S50,,1900-12-31,,
,V12,,1900-12-31,,
,D10,,,,
,S50,,1900-12-31,,
,V12,,1900-12-31,,
,D10,,,,
,S50,,1900-12-31,,
,V12,,1900-12-31,,
,D10,,,,
,S50,,1900-12-31,,
,D10,,,,
,S50,,1900-12-31,,
,V12,,1900-12-31,,
,D10,,,,
,S50,,1900-12-31,,
,V12,,1900-12-31,,
,D10,,,,
,S50,,1900-12-31,,
,V12,,1900-12-31,,
,C22,,1900-12-31,,
,D10,,,,
,S50,,1900-12-31,,
,D10,,,,
,S50,,1900-12-31,,
,D10,,,,
,V12,,1900-12-31,,
,Micromate,2026-03-17,2027-03-17,,
,Micromate,2025-06-17,2026-06-17,,
,SLM,2024-12-11,2025-12-11,,
,Micromate,2026-04-30,2027-04-30,,
,SLM,2025-07-08,2026-07-08,,
,Micromate,2025-04-02,2026-04-02,,
,SLM,2025-04-01,2026-04-01,,
,Micromate,2025-05-27,2026-05-27,,
,Micromate,2024-10-07,2025-10-07,,
,SLM,2024-05-17,2025-05-17,,
,Micromate,2025-05-27,2026-05-27,,
,Micromate,2025-03-29,2026-03-29,,
,Micromate,2025-03-29,2026-03-29,,
,Micromate,2025-03-29,2026-03-29,,
,Micromate,2024-08-14,2025-08-14,,
,Micromate,2025-03-29,2026-03-29,,
,Micromate,2025-03-29,2026-03-29,,
,SLM,2025-04-28,2026-04-28,,
,Micromate,2025-08-05,2026-08-05,,
,SLM,2026-03-23,2027-03-23,,
,Micromate,2025-08-28,2026-08-28,,
,SLM,2026-03-23,2027-03-23,,
,Micromate,2025-03-29,2026-03-29,,
,SLM,2025-05-09,2026-05-09,,
,Micromate,2025-04-11,2026-04-11,,
,SLM,2025-05-27,2026-05-27,,
,Minimate,2025-06-17,2026-06-17,,
,Micromate,2025-07-08,2026-07-08,,
,Minimate,2025-03-29,2026-03-29,,
,Minimate,2025-03-29,2026-03-29,,
,Micromate,2025-03-29,2026-03-29,,
,Micromate,2025-08-28,2026-08-28,,
,Micromate,2025-08-28,2026-08-28,,
,Micromate,2025-08-28,2026-08-28,,
,Micromate,2024-06-27,2025-06-27,,
,Micromate,2025-05-27,2026-05-27,,
,Micromate,2025-08-18,2026-08-18,,
,Micromate,2026-03-17,2027-03-17,,
,Micromate,2026-03-17,2027-03-17,,
,Micromate,2026-03-17,2027-03-17,,
,Micromate,2025-03-29,2026-03-29,,
,D10 Micro,,,,
,V12,2025-08-29,2026-08-29,,
,S50,2025-10-10,2026-10-10,,
,SLM,2025-05-27,2026-05-27,,
,Micromate,2025-05-27,2026-05-27,,
,SLM,2025-05-27,2026-05-27,,
,D10 Micro,,,,
,S50,2025-05-14,2026-05-14,,
,D10 Micro,,,,
,S50,2025-10-16,2026-10-16,,
,D10 Micro,,,,
,S50,2025-05-14,2026-05-14,,
,Minimate,2025-06-17,2026-06-17,,
,Minimate,2025-06-18,2026-06-18,,
,Minimate,2025-07-07,2026-07-07,,
,Minimate,2025-07-04,2026-07-04,,
,Minimate,2025-07-07,2026-07-07,,
,Micromate,2026-03-17,2027-03-17,,
,C22,2025-07-11,2026-07-11,,
,D10 Micro,,,,
,V12,2026-03-30,2027-03-30,,
,S50,2026-03-30,2027-03-30,,
,D10 Micro,,,,
,V12,2026-05-21,2027-05-21,,
,S50,2025-10-10,2026-10-10,,
,D10 Micro,,,,
,V12,2025-08-20,2026-08-20,,
,S50,2026-04-20,2027-04-20,,
,C22,2025-05-30,2026-05-30,,
,D10 Micro,,,,
,V12,2025-10-07,2026-10-07,,
,S50,2026-04-02,2027-04-02,,
,D10 Micro,,,,
,V12,2026-05-21,2027-05-21,,
,S50,2025-08-28,2026-08-28,,
,D10 Micro,,,,
,V12,2026-03-10,2027-03-10,,
,S50,2026-03-10,2027-03-10,,
,D10 Micro,,,,
,V12,2026-03-10,2027-03-10,,
,S50,2025-08-28,2026-08-28,,
,C22,2026-04-13,2027-04-13,,
,C22,2026-03-03,2027-03-03,,
,D10 Micro,,,,
,V12,2024-08-06,2025-08-06,,
,C22,2025-06-27,2026-06-27,,
,D10 Black Case,,,,
,V12,2026-04-07,2027-04-07,,
,S50,2025-08-28,2026-08-28,,
,D10 Micro,,,,
,V12,2026-04-07,2027-04-07,,
,S50,2026-04-02,2027-04-02,,
,D10 Micro,,,,
,V12,2025-06-27,2026-06-27,,
,S50,2025-08-19,2026-08-19,,
,D10 Black Case,,,,
,V12,2026-04-07,2027-04-07,,
,S50,2026-04-02,2027-04-02,,
,D10 Micro,,,,
,V12,2026-04-07,2027-04-07,,
,S50,2025-10-10,2026-10-10,,
,Micromate,2025-08-28,2026-08-28,,
,Micromate,2024-07-31,2025-07-31,,
,D10 Micro,,,,
,V12,2025-06-27,2026-06-27,,
,D10 Micro,,,,
,V12,2025-08-12,2026-08-12,,
,S50,2025-08-11,2026-08-11,,
,C50,2025-10-27,2026-10-27,,
,C22,2025-06-26,2026-06-26,,
,C22,2026-02-26,2027-02-26,,
,C50,2025-12-01,2026-12-01,,
,C22,2026-03-30,2027-03-30,,
,C22,2025-05-30,2026-05-30,,
,C22,2026-03-03,2027-03-03,,
,C50,2025-11-20,2026-11-20,,
,C22,2025-04-11,2026-04-11,,
,C22,2025-07-11,2026-07-11,,
,C50,2025-10-09,2026-10-09,,
,C22,2025-04-11,2026-04-11,,
,C22,2026-05-20,2027-05-20,,
,C50,2025-11-27,2026-11-27,,
,C22,2026-05-25,2027-05-25,,
,C22,2026-04-13,2027-04-13,,
,C22,2026-05-20,2027-05-20,,
,C22,2025-07-11,2026-07-11,,
,C50,,,,
,C22,2026-04-13,2027-04-13,,
,C50,2026-01-19,2027-01-19,,
,C22,2026-03-03,2027-03-03,,
,C50,2026-01-20,2027-01-20,,
,C22,2025-08-14,2026-08-14,,
,C50,2026-01-19,2027-01-19,,
,C22,2025-07-11,2026-07-11,,
,D10 Micro,,,,
,S50,2025-03-25,2026-03-25,,
,V12,2025-03-26,2026-03-26,,
,S50,2025-03-25,2026-03-25,,
,S50,2025-08-27,2026-08-27,,
,D10 Micro,,,,
,V12,2025-08-12,2026-08-12,,
,D10 Micro,,,,
,V12,2025-08-12,2026-08-12,,
,S50,2026-02-25,2027-02-25,,
,D10 Micro,,,,
,V12,2026-05-20,2027-05-20,,
,S50,2026-05-20,2027-05-20,,
,C22,2026-04-21,2027-04-21,,
,C22,2026-04-28,2027-04-28,,
,C22,2026-05-19,2027-05-19,,
,C22,2025-09-12,2026-09-12,,
,C22,2026-04-13,2027-04-13,,
